Workbook
Name StudentNames: 'Social Skills'!$A$5:$A$19

Sheet Dashboard
A1: SPED Service Compliance Dashboard
A2: Auto-calculated from Year Summary data
A4: Service Type | B4: Total Students | C4: On Track (≥80%) | D4: Behind (50-79%) | E4: At Risk (<50%) | F4: Overall % | G4: Status
A5: Social Skills | B5: =COUNTA('Year Summary'!L5:L19) | C5: =COUNTIF('Year Summary'!L5:L19,">="&0.8) | D5: =COUNTIFS('Year Summary'!L5:L19,">="&0.5,'Year Summary'!L5:L19,"<"&0.8) | E5: =COUNTIF('Year Summary'!L5:L19,"<"&0.5) | F5: =IF(COUNTA('Year Summary'!L5:L19)=0,"",AVERAGE('Year Summary'!L5:L19)) | G5: =IF(F5="","",IF(F5>=0.8,"On Track",IF(F5>=0.5,"Behind","At Risk")))
A6: Speech | B6: =COUNTA('Year Summary'!L23:L37) | C6: =COUNTIF('Year Summary'!L23:L37,">="&0.8) | D6: =COUNTIFS('Year Summary'!L23:L37,">="&0.5,'Year Summary'!L23:L37,"<"&0.8) | E6: =COUNTIF('Year Summary'!L23:L37,"<"&0.5) | F6: =IF(COUNTA('Year Summary'!L23:L37)=0,"",AVERAGE('Year Summary'!L23:L37)) | G6: =IF(F6="","",IF(F6>=0.8,"On Track",IF(F6>=0.5,"Behind","At Risk")))
A7: OT | B7: =COUNTA('Year Summary'!L41:L55) | C7: =COUNTIF('Year Summary'!L41:L55,">="&0.8) | D7: =COUNTIFS('Year Summary'!L41:L55,">="&0.5,'Year Summary'!L41:L55,"<"&0.8) | E7: =COUNTIF('Year Summary'!L41:L55,"<"&0.5) | F7: =IF(COUNTA('Year Summary'!L41:L55)=0,"",AVERAGE('Year Summary'!L41:L55)) | G7: =IF(F7="","",IF(F7>=0.8,"On Track",IF(F7>=0.5,"Behind","At Risk")))
A8: Counseling | B8: =COUNTA('Year Summary'!L59:L73) | C8: =COUNTIF('Year Summary'!L59:L73,">="&0.8) | D8: =COUNTIFS('Year Summary'!L59:L73,">="&0.5,'Year Summary'!L59:L73,"<"&0.8) | E8: =COUNTIF('Year Summary'!L59:L73,"<"&0.5) | F8: =IF(COUNTA('Year Summary'!L59:L73)=0,"",AVERAGE('Year Summary'!L59:L73)) | G8: =IF(F8="","",IF(F8>=0.8,"On Track",IF(F8>=0.5,"Behind","At Risk")))
A9: Inclusion Support | B9: =COUNTA('Year Summary'!L77:L91) | C9: =COUNTIF('Year Summary'!L77:L91,">="&0.8) | D9: =COUNTIFS('Year Summary'!L77:L91,">="&0.5,'Year Summary'!L77:L91,"<"&0.8) | E9: =COUNTIF('Year Summary'!L77:L91,"<"&0.5) | F9: =IF(COUNTA('Year Summary'!L77:L91)=0,"",AVERAGE('Year Summary'!L77:L91)) | G9: =IF(F9="","",IF(F9>=0.8,"On Track",IF(F9>=0.5,"Behind","At Risk")))
A11: ALL SERVICES | B11: =SUM(B5:B9) | C11: =SUM(C5:C9) | D11: =SUM(D5:D9) | E11: =SUM(E5:E9) | F11: =IF(COUNT(F5:F9)=0,"",AVERAGE(F5:F9))

Sheet Social Skills
A1: Social Skills — SPED Minute Tracker
A3: Q1 — Quarter 1
A4: Student Name | B4: Sess 1 | C4: Att 1 | D4: Sess 2 | E4: Att 2 | F4: Sess 3 | G4: Att 3 | H4: Sess 4 | I4: Att 4 | J4: Sess 5 | K4: Att 5 | L4: Sess 6 | M4: Att 6 | N4: Sess 7 | O4: Att 7 | P4: Sess 8 | Q4: Att 8 | R4: Sess 9 | S4: Att 9 | T4: Sess 10 | U4: Att 10 | V4: Min Met | W4: Sess Att | X4: Absences | Y4: IEP Req | Z4: Min Remain | AA4: % Complete | AB4: Pace Needed | AC4: Projected
A5: Raya Hightower | V5: =SUM(B5,D5,F5,H5,J5,L5,N5,P5,R5,T5) | W5: =COUNTIF(C5,"P")+COUNTIF(E5,"P")+COUNTIF(G5,"P")+COUNTIF(I5,"P")+COUNTIF(K5,"P")+COUNTIF(M5,"P")+COUNTIF(O5,"P")+COUNTIF(Q5,"P")+COUNTIF(S5,"P")+COUNTIF(U5,"P") | X5: =COUNTIF(C5,"A")+COUNTIF(E5,"A")+COUNTIF(G5,"A")+COUNTIF(I5,"A")+COUNTIF(K5,"A")+COUNTIF(M5,"A")+COUNTIF(O5,"A")+COUNTIF(Q5,"A")+COUNTIF(S5,"A")+COUNTIF(U5,"A") | Z5: =IF(Y5="","",Y5-V5) | AA5: =IF(OR(Y5="",Y5=0),"",V5/Y5) | AB5: =IF(OR(Y5="",Y5=0),"",IF((10-W5-X5)<=0,"N/A",Z5/(10-W5-X5))) | AC5: =IF(W5=0,"",ROUND((V5/W5)*10,0))
A6: Anu Vijay Anand | V6: =SUM(B6,D6,F6,H6,J6,L6,N6,P6,R6,T6) | W6: =COUNTIF(C6,"P")+COUNTIF(E6,"P")+COUNTIF(G6,"P")+COUNTIF(I6,"P")+COUNTIF(K6,"P")+COUNTIF(M6,"P")+COUNTIF(O6,"P")+COUNTIF(Q6,"P")+COUNTIF(S6,"P")+COUNTIF(U6,"P") | X6: =COUNTIF(C6,"A")+COUNTIF(E6,"A")+COUNTIF(G6,"A")+COUNTIF(I6,"A")+COUNTIF(K6,"A")+COUNTIF(M6,"A")+COUNTIF(O6,"A")+COUNTIF(Q6,"A")+COUNTIF(S6,"A")+COUNTIF(U6,"A") | Z6: =IF(Y6="","",Y6-V6) | AA6: =IF(OR(Y6="",Y6=0),"",V6/Y6) | AB6: =IF(OR(Y6="",Y6=0),"",IF((10-W6-X6)<=0,"N/A",Z6/(10-W6-X6))) | AC6: =IF(W6=0,"",ROUND((V6/W6)*10,0))
A7: Aadhya Gone | V7: =SUM(B7,D7,F7,H7,J7,L7,N7,P7,R7,T7) | W7: =COUNTIF(C7,"P")+COUNTIF(E7,"P")+COUNTIF(G7,"P")+COUNTIF(I7,"P")+COUNTIF(K7,"P")+COUNTIF(M7,"P")+COUNTIF(O7,"P")+COUNTIF(Q7,"P")+COUNTIF(S7,"P")+COUNTIF(U7,"P") | X7: =COUNTIF(C7,"A")+COUNTIF(E7,"A")+COUNTIF(G7,"A")+COUNTIF(I7,"A")+COUNTIF(K7,"A")+COUNTIF(M7,"A")+COUNTIF(O7,"A")+COUNTIF(Q7,"A")+COUNTIF(S7,"A")+COUNTIF(U7,"A") | Z7: =IF(Y7="","",Y7-V7) | AA7: =IF(OR(Y7="",Y7=0),"",V7/Y7) | AB7: =IF(OR(Y7="",Y7=0),"",IF((10-W7-X7)<=0,"N/A",Z7/(10-W7-X7))) | AC7: =IF(W7=0,"",ROUND((V7/W7)*10,0))
A8: Sumeyah Khan | V8: =SUM(B8,D8,F8,H8,J8,L8,N8,P8,R8,T8) | W8: =COUNTIF(C8,"P")+COUNTIF(E8,"P")+COUNTIF(G8,"P")+COUNTIF(I8,"P")+COUNTIF(K8,"P")+COUNTIF(M8,"P")+COUNTIF(O8,"P")+COUNTIF(Q8,"P")+COUNTIF(S8,"P")+COUNTIF(U8,"P") | X8: =COUNTIF(C8,"A")+COUNTIF(E8,"A")+COUNTIF(G8,"A")+COUNTIF(I8,"A")+COUNTIF(K8,"A")+COUNTIF(M8,"A")+COUNTIF(O8,"A")+COUNTIF(Q8,"A")+COUNTIF(S8,"A")+COUNTIF(U8,"A") | Z8: =IF(Y8="","",Y8-V8) | AA8: =IF(OR(Y8="",Y8=0),"",V8/Y8) | AB8: =IF(OR(Y8="",Y8=0),"",IF((10-W8-X8)<=0,"N/A",Z8/(10-W8-X8))) | AC8: =IF(W8=0,"",ROUND((V8/W8)*10,0))
A9: Maria Mujeeb | V9: =SUM(B9,D9,F9,H9,J9,L9,N9,P9,R9,T9) | W9: =COUNTIF(C9,"P")+COUNTIF(E9,"P")+COUNTIF(G9,"P")+COUNTIF(I9,"P")+COUNTIF(K9,"P")+COUNTIF(M9,"P")+COUNTIF(O9,"P")+COUNTIF(Q9,"P")+COUNTIF(S9,"P")+COUNTIF(U9,"P") | X9: =COUNTIF(C9,"A")+COUNTIF(E9,"A")+COUNTIF(G9,"A")+COUNTIF(I9,"A")+COUNTIF(K9,"A")+COUNTIF(M9,"A")+COUNTIF(O9,"A")+COUNTIF(Q9,"A")+COUNTIF(S9,"A")+COUNTIF(U9,"A") | Z9: =IF(Y9="","",Y9-V9) | AA9: =IF(OR(Y9="",Y9=0),"",V9/Y9) | AB9: =IF(OR(Y9="",Y9=0),"",IF((10-W9-X9)<=0,"N/A",Z9/(10-W9-X9))) | AC9: =IF(W9=0,"",ROUND((V9/W9)*10,0))
A10: Jace Ratliff | V10: =SUM(B10,D10,F10,H10,J10,L10,N10,P10,R10,T10) | W10: =COUNTIF(C10,"P")+COUNTIF(E10,"P")+COUNTIF(G10,"P")+COUNTIF(I10,"P")+COUNTIF(K10,"P")+COUNTIF(M10,"P")+COUNTIF(O10,"P")+COUNTIF(Q10,"P")+COUNTIF(S10,"P")+COUNTIF(U10,"P") | X10: =COUNTIF(C10,"A")+COUNTIF(E10,"A")+COUNTIF(G10,"A")+COUNTIF(I10,"A")+COUNTIF(K10,"A")+COUNTIF(M10,"A")+COUNTIF(O10,"A")+COUNTIF(Q10,"A")+COUNTIF(S10,"A")+COUNTIF(U10,"A") | Z10: =IF(Y10="","",Y10-V10) | AA10: =IF(OR(Y10="",Y10=0),"",V10/Y10) | AB10: =IF(OR(Y10="",Y10=0),"",IF((10-W10-X10)<=0,"N/A",Z10/(10-W10-X10))) | AC10: =IF(W10=0,"",ROUND((V10/W10)*10,0))
A11: Evan Allen | V11: =SUM(B11,D11,F11,H11,J11,L11,N11,P11,R11,T11) | W11: =COUNTIF(C11,"P")+COUNTIF(E11,"P")+COUNTIF(G11,"P")+COUNTIF(I11,"P")+COUNTIF(K11,"P")+COUNTIF(M11,"P")+COUNTIF(O11,"P")+COUNTIF(Q11,"P")+COUNTIF(S11,"P")+COUNTIF(U11,"P") | X11: =COUNTIF(C11,"A")+COUNTIF(E11,"A")+COUNTIF(G11,"A")+COUNTIF(I11,"A")+COUNTIF(K11,"A")+COUNTIF(M11,"A")+COUNTIF(O11,"A")+COUNTIF(Q11,"A")+COUNTIF(S11,"A")+COUNTIF(U11,"A") | Z11: =IF(Y11="","",Y11-V11) | AA11: =IF(OR(Y11="",Y11=0),"",V11/Y11) | AB11: =IF(OR(Y11="",Y11=0),"",IF((10-W11-X11)<=0,"N/A",Z11/(10-W11-X11))) | AC11: =IF(W11=0,"",ROUND((V11/W11)*10,0))
A12: Sai Neelagiri | V12: =SUM(B12,D12,F12,H12,J12,L12,N12,P12,R12,T12) | W12: =COUNTIF(C12,"P")+COUNTIF(E12,"P")+COUNTIF(G12,"P")+COUNTIF(I12,"P")+COUNTIF(K12,"P")+COUNTIF(M12,"P")+COUNTIF(O12,"P")+COUNTIF(Q12,"P")+COUNTIF(S12,"P")+COUNTIF(U12,"P") | X12: =COUNTIF(C12,"A")+COUNTIF(E12,"A")+COUNTIF(G12,"A")+COUNTIF(I12,"A")+COUNTIF(K12,"A")+COUNTIF(M12,"A")+COUNTIF(O12,"A")+COUNTIF(Q12,"A")+COUNTIF(S12,"A")+COUNTIF(U12,"A") | Z12: =IF(Y12="","",Y12-V12) | AA12: =IF(OR(Y12="",Y12=0),"",V12/Y12) | AB12: =IF(OR(Y12="",Y12=0),"",IF((10-W12-X12)<=0,"N/A",Z12/(10-W12-X12))) | AC12: =IF(W12=0,"",ROUND((V12/W12)*10,0))
A13: Fletcher Meese | V13: =SUM(B13,D13,F13,H13,J13,L13,N13,P13,R13,T13) | W13: =COUNTIF(C13,"P")+COUNTIF(E13,"P")+COUNTIF(G13,"P")+COUNTIF(I13,"P")+COUNTIF(K13,"P")+COUNTIF(M13,"P")+COUNTIF(O13,"P")+COUNTIF(Q13,"P")+COUNTIF(S13,"P")+COUNTIF(U13,"P") | X13: =COUNTIF(C13,"A")+COUNTIF(E13,"A")+COUNTIF(G13,"A")+COUNTIF(I13,"A")+COUNTIF(K13,"A")+COUNTIF(M13,"A")+COUNTIF(O13,"A")+COUNTIF(Q13,"A")+COUNTIF(S13,"A")+COUNTIF(U13,"A") | Z13: =IF(Y13="","",Y13-V13) | AA13: =IF(OR(Y13="",Y13=0),"",V13/Y13) | AB13: =IF(OR(Y13="",Y13=0),"",IF((10-W13-X13)<=0,"N/A",Z13/(10-W13-X13))) | AC13: =IF(W13=0,"",ROUND((V13/W13)*10,0))
A14: Elijah Aldaco | V14: =SUM(B14,D14,F14,H14,J14,L14,N14,P14,R14,T14) | W14: =COUNTIF(C14,"P")+COUNTIF(E14,"P")+COUNTIF(G14,"P")+COUNTIF(I14,"P")+COUNTIF(K14,"P")+COUNTIF(M14,"P")+COUNTIF(O14,"P")+COUNTIF(Q14,"P")+COUNTIF(S14,"P")+COUNTIF(U14,"P") | X14: =COUNTIF(C14,"A")+COUNTIF(E14,"A")+COUNTIF(G14,"A")+COUNTIF(I14,"A")+COUNTIF(K14,"A")+COUNTIF(M14,"A")+COUNTIF(O14,"A")+COUNTIF(Q14,"A")+COUNTIF(S14,"A")+COUNTIF(U14,"A") | Z14: =IF(Y14="","",Y14-V14) | AA14: =IF(OR(Y14="",Y14=0),"",V14/Y14) | AB14: =IF(OR(Y14="",Y14=0),"",IF((10-W14-X14)<=0,"N/A",Z14/(10-W14-X14))) | AC14: =IF(W14=0,"",ROUND((V14/W14)*10,0))
A15: Cain Gutierrez | V15: =SUM(B15,D15,F15,H15,J15,L15,N15,P15,R15,T15) | W15: =COUNTIF(C15,"P")+COUNTIF(E15,"P")+COUNTIF(G15,"P")+COUNTIF(I15,"P")+COUNTIF(K15,"P")+COUNTIF(M15,"P")+COUNTIF(O15,"P")+COUNTIF(Q15,"P")+COUNTIF(S15,"P")+COUNTIF(U15,"P") | X15: =COUNTIF(C15,"A")+COUNTIF(E15,"A")+COUNTIF(G15,"A")+COUNTIF(I15,"A")+COUNTIF(K15,"A")+COUNTIF(M15,"A")+COUNTIF(O15,"A")+COUNTIF(Q15,"A")+COUNTIF(S15,"A")+COUNTIF(U15,"A") | Z15: =IF(Y15="","",Y15-V15) | AA15: =IF(OR(Y15="",Y15=0),"",V15/Y15) | AB15: =IF(OR(Y15="",Y15=0),"",IF((10-W15-X15)<=0,"N/A",Z15/(10-W15-X15))) | AC15: =IF(W15=0,"",ROUND((V15/W15)*10,0))
A16: Grayson Barnhart | V16: =SUM(B16,D16,F16,H16,J16,L16,N16,P16,R16,T16) | W16: =COUNTIF(C16,"P")+COUNTIF(E16,"P")+COUNTIF(G16,"P")+COUNTIF(I16,"P")+COUNTIF(K16,"P")+COUNTIF(M16,"P")+COUNTIF(O16,"P")+COUNTIF(Q16,"P")+COUNTIF(S16,"P")+COUNTIF(U16,"P") | X16: =COUNTIF(C16,"A")+COUNTIF(E16,"A")+COUNTIF(G16,"A")+COUNTIF(I16,"A")+COUNTIF(K16,"A")+COUNTIF(M16,"A")+COUNTIF(O16,"A")+COUNTIF(Q16,"A")+COUNTIF(S16,"A")+COUNTIF(U16,"A") | Z16: =IF(Y16="","",Y16-V16) | AA16: =IF(OR(Y16="",Y16=0),"",V16/Y16) | AB16: =IF(OR(Y16="",Y16=0),"",IF((10-W16-X16)<=0,"N/A",Z16/(10-W16-X16))) | AC16: =IF(W16=0,"",ROUND((V16/W16)*10,0))
... A19: Jason Bean | V19: =SUM(B19,D19,F19,H19,J19,L19,N19,P19,R19,T19) | W19: =COUNTIF(C19,"P")+COUNTIF(E19,"P")+COUNTIF(G19,"P")+COUNTIF(I19,"P")+COUNTIF(K19,"P")+COUNTIF(M19,"P")+COUNTIF(O19,"P")+COUNTIF(Q19,"P")+COUNTIF(S19,"P")+COUNTIF(U19,"P") | X19: =COUNTIF(C19,"A")+COUNTIF(E19,"A")+COUNTIF(G19,"A")+COUNTIF(I19,"A")+COUNTIF(K19,"A")+COUNTIF(M19,"A")+COUNTIF(O19,"A")+COUNTIF(Q19,"A")+COUNTIF(S19,"A")+COUNTIF(U19,"A") | Z19: =IF(Y19="","",Y19-V19) | AA19: =IF(OR(Y19="",Y19=0),"",V19/Y19) | AB19: =IF(OR(Y19="",Y19=0),"",IF((10-W19-X19)<=0,"N/A",Z19/(10-W19-X19))) | AC19: =IF(W19=0,"",ROUND((V19/W19)*10,0))
A22: Q2 — Quarter 2
A23: Student Name | B23: Sess 1 | C23: Att 1 | D23: Sess 2 | E23: Att 2 | F23: Sess 3 | G23: Att 3 | H23: Sess 4 | I23: Att 4 | J23: Sess 5 | K23: Att 5 | L23: Sess 6 | M23: Att 6 | N23: Sess 7 | O23: Att 7 | P23: Sess 8 | Q23: Att 8 | R23: Sess 9 | S23: Att 9 | T23: Sess 10 | U23: Att 10 | V23: Min Met | W23: Sess Att | X23: Absences | Y23: IEP Req | Z23: Min Remain | AA23: % Complete | AB23: Pace Needed | AC23: Projected
A24: Raya Hightower | V24: =SUM(B24,D24,F24,H24,J24,L24,N24,P24,R24,T24) | W24: =COUNTIF(C24,"P")+COUNTIF(E24,"P")+COUNTIF(G24,"P")+COUNTIF(I24,"P")+COUNTIF(K24,"P")+COUNTIF(M24,"P")+COUNTIF(O24,"P")+COUNTIF(Q24,"P")+COUNTIF(S24,"P")+COUNTIF(U24,"P") | X24: =COUNTIF(C24,"A")+COUNTIF(E24,"A")+COUNTIF(G24,"A")+COUNTIF(I24,"A")+COUNTIF(K24,"A")+COUNTIF(M24,"A")+COUNTIF(O24,"A")+COUNTIF(Q24,"A")+COUNTIF(S24,"A")+COUNTIF(U24,"A") | Z24: =IF(Y24="","",Y24-V24) | AA24: =IF(OR(Y24="",Y24=0),"",V24/Y24) | AB24: =IF(OR(Y24="",Y24=0),"",IF((10-W24-X24)<=0,"N/A",Z24/(10-W24-X24))) | AC24: =IF(W24=0,"",ROUND((V24/W24)*10,0))
A25: Anu Vijay Anand | V25: =SUM(B25,D25,F25,H25,J25,L25,N25,P25,R25,T25) | W25: =COUNTIF(C25,"P")+COUNTIF(E25,"P")+COUNTIF(G25,"P")+COUNTIF(I25,"P")+COUNTIF(K25,"P")+COUNTIF(M25,"P")+COUNTIF(O25,"P")+COUNTIF(Q25,"P")+COUNTIF(S25,"P")+COUNTIF(U25,"P") | X25: =COUNTIF(C25,"A")+COUNTIF(E25,"A")+COUNTIF(G25,"A")+COUNTIF(I25,"A")+COUNTIF(K25,"A")+COUNTIF(M25,"A")+COUNTIF(O25,"A")+COUNTIF(Q25,"A")+COUNTIF(S25,"A")+COUNTIF(U25,"A") | Z25: =IF(Y25="","",Y25-V25) | AA25: =IF(OR(Y25="",Y25=0),"",V25/Y25) | AB25: =IF(OR(Y25="",Y25=0),"",IF((10-W25-X25)<=0,"N/A",Z25/(10-W25-X25))) | AC25: =IF(W25=0,"",ROUND((V25/W25)*10,0))
A26: Aadhya Gone | V26: =SUM(B26,D26,F26,H26,J26,L26,N26,P26,R26,T26) | W26: =COUNTIF(C26,"P")+COUNTIF(E26,"P")+COUNTIF(G26,"P")+COUNTIF(I26,"P")+COUNTIF(K26,"P")+COUNTIF(M26,"P")+COUNTIF(O26,"P")+COUNTIF(Q26,"P")+COUNTIF(S26,"P")+COUNTIF(U26,"P") | X26: =COUNTIF(C26,"A")+COUNTIF(E26,"A")+COUNTIF(G26,"A")+COUNTIF(I26,"A")+COUNTIF(K26,"A")+COUNTIF(M26,"A")+COUNTIF(O26,"A")+COUNTIF(Q26,"A")+COUNTIF(S26,"A")+COUNTIF(U26,"A") | Z26: =IF(Y26="","",Y26-V26) | AA26: =IF(OR(Y26="",Y26=0),"",V26/Y26) | AB26: =IF(OR(Y26="",Y26=0),"",IF((10-W26-X26)<=0,"N/A",Z26/(10-W26-X26))) | AC26: =IF(W26=0,"",ROUND((V26/W26)*10,0))
A27: Sumeyah Khan | V27: =SUM(B27,D27,F27,H27,J27,L27,N27,P27,R27,T27) | W27: =COUNTIF(C27,"P")+COUNTIF(E27,"P")+COUNTIF(G27,"P")+COUNTIF(I27,"P")+COUNTIF(K27,"P")+COUNTIF(M27,"P")+COUNTIF(O27,"P")+COUNTIF(Q27,"P")+COUNTIF(S27,"P")+COUNTIF(U27,"P") | X27: =COUNTIF(C27,"A")+COUNTIF(E27,"A")+COUNTIF(G27,"A")+COUNTIF(I27,"A")+COUNTIF(K27,"A")+COUNTIF(M27,"A")+COUNTIF(O27,"A")+COUNTIF(Q27,"A")+COUNTIF(S27,"A")+COUNTIF(U27,"A") | Z27: =IF(Y27="","",Y27-V27) | AA27: =IF(OR(Y27="",Y27=0),"",V27/Y27) | AB27: =IF(OR(Y27="",Y27=0),"",IF((10-W27-X27)<=0,"N/A",Z27/(10-W27-X27))) | AC27: =IF(W27=0,"",ROUND((V27/W27)*10,0))
A28: Maria Mujeeb | V28: =SUM(B28,D28,F28,H28,J28,L28,N28,P28,R28,T28) | W28: =COUNTIF(C28,"P")+COUNTIF(E28,"P")+COUNTIF(G28,"P")+COUNTIF(I28,"P")+COUNTIF(K28,"P")+COUNTIF(M28,"P")+COUNTIF(O28,"P")+COUNTIF(Q28,"P")+COUNTIF(S28,"P")+COUNTIF(U28,"P") | X28: =COUNTIF(C28,"A")+COUNTIF(E28,"A")+COUNTIF(G28,"A")+COUNTIF(I28,"A")+COUNTIF(K28,"A")+COUNTIF(M28,"A")+COUNTIF(O28,"A")+COUNTIF(Q28,"A")+COUNTIF(S28,"A")+COUNTIF(U28,"A") | Z28: =IF(Y28="","",Y28-V28) | AA28: =IF(OR(Y28="",Y28=0),"",V28/Y28) | AB28: =IF(OR(Y28="",Y28=0),"",IF((10-W28-X28)<=0,"N/A",Z28/(10-W28-X28))) | AC28: =IF(W28=0,"",ROUND((V28/W28)*10,0))
A29: Jace Ratliff | V29: =SUM(B29,D29,F29,H29,J29,L29,N29,P29,R29,T29) | W29: =COUNTIF(C29,"P")+COUNTIF(E29,"P")+COUNTIF(G29,"P")+COUNTIF(I29,"P")+COUNTIF(K29,"P")+COUNTIF(M29,"P")+COUNTIF(O29,"P")+COUNTIF(Q29,"P")+COUNTIF(S29,"P")+COUNTIF(U29,"P") | X29: =COUNTIF(C29,"A")+COUNTIF(E29,"A")+COUNTIF(G29,"A")+COUNTIF(I29,"A")+COUNTIF(K29,"A")+COUNTIF(M29,"A")+COUNTIF(O29,"A")+COUNTIF(Q29,"A")+COUNTIF(S29,"A")+COUNTIF(U29,"A") | Z29: =IF(Y29="","",Y29-V29) | AA29: =IF(OR(Y29="",Y29=0),"",V29/Y29) | AB29: =IF(OR(Y29="",Y29=0),"",IF((10-W29-X29)<=0,"N/A",Z29/(10-W29-X29))) | AC29: =IF(W29=0,"",ROUND((V29/W29)*10,0))
A30: Evan Allen | V30: =SUM(B30,D30,F30,H30,J30,L30,N30,P30,R30,T30) | W30: =COUNTIF(C30,"P")+COUNTIF(E30,"P")+COUNTIF(G30,"P")+COUNTIF(I30,"P")+COUNTIF(K30,"P")+COUNTIF(M30,"P")+COUNTIF(O30,"P")+COUNTIF(Q30,"P")+COUNTIF(S30,"P")+COUNTIF(U30,"P") | X30: =COUNTIF(C30,"A")+COUNTIF(E30,"A")+COUNTIF(G30,"A")+COUNTIF(I30,"A")+COUNTIF(K30,"A")+COUNTIF(M30,"A")+COUNTIF(O30,"A")+COUNTIF(Q30,"A")+COUNTIF(S30,"A")+COUNTIF(U30,"A") | Z30: =IF(Y30="","",Y30-V30) | AA30: =IF(OR(Y30="",Y30=0),"",V30/Y30) | AB30: =IF(OR(Y30="",Y30=0),"",IF((10-W30-X30)<=0,"N/A",Z30/(10-W30-X30))) | AC30: =IF(W30=0,"",ROUND((V30/W30)*10,0))
A31: Sai Neelagiri | V31: =SUM(B31,D31,F31,H31,J31,L31,N31,P31,R31,T31) | W31: =COUNTIF(C31,"P")+COUNTIF(E31,"P")+COUNTIF(G31,"P")+COUNTIF(I31,"P")+COUNTIF(K31,"P")+COUNTIF(M31,"P")+COUNTIF(O31,"P")+COUNTIF(Q31,"P")+COUNTIF(S31,"P")+COUNTIF(U31,"P") | X31: =COUNTIF(C31,"A")+COUNTIF(E31,"A")+COUNTIF(G31,"A")+COUNTIF(I31,"A")+COUNTIF(K31,"A")+COUNTIF(M31,"A")+COUNTIF(O31,"A")+COUNTIF(Q31,"A")+COUNTIF(S31,"A")+COUNTIF(U31,"A") | Z31: =IF(Y31="","",Y31-V31) | AA31: =IF(OR(Y31="",Y31=0),"",V31/Y31) | AB31: =IF(OR(Y31="",Y31=0),"",IF((10-W31-X31)<=0,"N/A",Z31/(10-W31-X31))) | AC31: =IF(W31=0,"",ROUND((V31/W31)*10,0))
A32: Fletcher Meese | V32: =SUM(B32,D32,F32,H32,J32,L32,N32,P32,R32,T32) | W32: =COUNTIF(C32,"P")+COUNTIF(E32,"P")+COUNTIF(G32,"P")+COUNTIF(I32,"P")+COUNTIF(K32,"P")+COUNTIF(M32,"P")+COUNTIF(O32,"P")+COUNTIF(Q32,"P")+COUNTIF(S32,"P")+COUNTIF(U32,"P") | X32: =COUNTIF(C32,"A")+COUNTIF(E32,"A")+COUNTIF(G32,"A")+COUNTIF(I32,"A")+COUNTIF(K32,"A")+COUNTIF(M32,"A")+COUNTIF(O32,"A")+COUNTIF(Q32,"A")+COUNTIF(S32,"A")+COUNTIF(U32,"A") | Z32: =IF(Y32="","",Y32-V32) | AA32: =IF(OR(Y32="",Y32=0),"",V32/Y32) | AB32: =IF(OR(Y32="",Y32=0),"",IF((10-W32-X32)<=0,"N/A",Z32/(10-W32-X32))) | AC32: =IF(W32=0,"",ROUND((V32/W32)*10,0))
A33: Elijah Aldaco | V33: =SUM(B33,D33,F33,H33,J33,L33,N33,P33,R33,T33) | W33: =COUNTIF(C33,"P")+COUNTIF(E33,"P")+COUNTIF(G33,"P")+COUNTIF(I33,"P")+COUNTIF(K33,"P")+COUNTIF(M33,"P")+COUNTIF(O33,"P")+COUNTIF(Q33,"P")+COUNTIF(S33,"P")+COUNTIF(U33,"P") | X33: =COUNTIF(C33,"A")+COUNTIF(E33,"A")+COUNTIF(G33,"A")+COUNTIF(I33,"A")+COUNTIF(K33,"A")+COUNTIF(M33,"A")+COUNTIF(O33,"A")+COUNTIF(Q33,"A")+COUNTIF(S33,"A")+COUNTIF(U33,"A") | Z33: =IF(Y33="","",Y33-V33) | AA33: =IF(OR(Y33="",Y33=0),"",V33/Y33) | AB33: =IF(OR(Y33="",Y33=0),"",IF((10-W33-X33)<=0,"N/A",Z33/(10-W33-X33))) | AC33: =IF(W33=0,"",ROUND((V33/W33)*10,0))
A34: Cain Gutierrez | V34: =SUM(B34,D34,F34,H34,J34,L34,N34,P34,R34,T34) | W34: =COUNTIF(C34,"P")+COUNTIF(E34,"P")+COUNTIF(G34,"P")+COUNTIF(I34,"P")+COUNTIF(K34,"P")+COUNTIF(M34,"P")+COUNTIF(O34,"P")+COUNTIF(Q34,"P")+COUNTIF(S34,"P")+COUNTIF(U34,"P") | X34: =COUNTIF(C34,"A")+COUNTIF(E34,"A")+COUNTIF(G34,"A")+COUNTIF(I34,"A")+COUNTIF(K34,"A")+COUNTIF(M34,"A")+COUNTIF(O34,"A")+COUNTIF(Q34,"A")+COUNTIF(S34,"A")+COUNTIF(U34,"A") | Z34: =IF(Y34="","",Y34-V34) | AA34: =IF(OR(Y34="",Y34=0),"",V34/Y34) | AB34: =IF(OR(Y34="",Y34=0),"",IF((10-W34-X34)<=0,"N/A",Z34/(10-W34-X34))) | AC34: =IF(W34=0,"",ROUND((V34/W34)*10,0))
A35: Grayson Barnhart | V35: =SUM(B35,D35,F35,H35,J35,L35,N35,P35,R35,T35) | W35: =COUNTIF(C35,"P")+COUNTIF(E35,"P")+COUNTIF(G35,"P")+COUNTIF(I35,"P")+COUNTIF(K35,"P")+COUNTIF(M35,"P")+COUNTIF(O35,"P")+COUNTIF(Q35,"P")+COUNTIF(S35,"P")+COUNTIF(U35,"P") | X35: =COUNTIF(C35,"A")+COUNTIF(E35,"A")+COUNTIF(G35,"A")+COUNTIF(I35,"A")+COUNTIF(K35,"A")+COUNTIF(M35,"A")+COUNTIF(O35,"A")+COUNTIF(Q35,"A")+COUNTIF(S35,"A")+COUNTIF(U35,"A") | Z35: =IF(Y35="","",Y35-V35) | AA35: =IF(OR(Y35="",Y35=0),"",V35/Y35) | AB35: =IF(OR(Y35="",Y35=0),"",IF((10-W35-X35)<=0,"N/A",Z35/(10-W35-X35))) | AC35: =IF(W35=0,"",ROUND((V35/W35)*10,0))
... A38: Jason Bean | V38: =SUM(B38,D38,F38,H38,J38,L38,N38,P38,R38,T38) | W38: =COUNTIF(C38,"P")+COUNTIF(E38,"P")+COUNTIF(G38,"P")+COUNTIF(I38,"P")+COUNTIF(K38,"P")+COUNTIF(M38,"P")+COUNTIF(O38,"P")+COUNTIF(Q38,"P")+COUNTIF(S38,"P")+COUNTIF(U38,"P") | X38: =COUNTIF(C38,"A")+COUNTIF(E38,"A")+COUNTIF(G38,"A")+COUNTIF(I38,"A")+COUNTIF(K38,"A")+COUNTIF(M38,"A")+COUNTIF(O38,"A")+COUNTIF(Q38,"A")+COUNTIF(S38,"A")+COUNTIF(U38,"A") | Z38: =IF(Y38="","",Y38-V38) | AA38: =IF(OR(Y38="",Y38=0),"",V38/Y38) | AB38: =IF(OR(Y38="",Y38=0),"",IF((10-W38-X38)<=0,"N/A",Z38/(10-W38-X38))) | AC38: =IF(W38=0,"",ROUND((V38/W38)*10,0))
A41: Q3 — Quarter 3
A42: Student Name | B42: Sess 1 | C42: Att 1 | D42: Sess 2 | E42: Att 2 | F42: Sess 3 | G42: Att 3 | H42: Sess 4 | I42: Att 4 | J42: Sess 5 | K42: Att 5 | L42: Sess 6 | M42: Att 6 | N42: Sess 7 | O42: Att 7 | P42: Sess 8 | Q42: Att 8 | R42: Sess 9 | S42: Att 9 | T42: Sess 10 | U42: Att 10 | V42: Min Met | W42: Sess Att | X42: Absences | Y42: IEP Req | Z42: Min Remain | AA42: % Complete | AB42: Pace Needed | AC42: Projected
A43: Raya Hightower | V43: =SUM(B43,D43,F43,H43,J43,L43,N43,P43,R43,T43) | W43: =COUNTIF(C43,"P")+COUNTIF(E43,"P")+COUNTIF(G43,"P")+COUNTIF(I43,"P")+COUNTIF(K43,"P")+COUNTIF(M43,"P")+COUNTIF(O43,"P")+COUNTIF(Q43,"P")+COUNTIF(S43,"P")+COUNTIF(U43,"P") | X43: =COUNTIF(C43,"A")+COUNTIF(E43,"A")+COUNTIF(G43,"A")+COUNTIF(I43,"A")+COUNTIF(K43,"A")+COUNTIF(M43,"A")+COUNTIF(O43,"A")+COUNTIF(Q43,"A")+COUNTIF(S43,"A")+COUNTIF(U43,"A") | Z43: =IF(Y43="","",Y43-V43) | AA43: =IF(OR(Y43="",Y43=0),"",V43/Y43) | AB43: =IF(OR(Y43="",Y43=0),"",IF((10-W43-X43)<=0,"N/A",Z43/(10-W43-X43))) | AC43: =IF(W43=0,"",ROUND((V43/W43)*10,0))
A44: Anu Vijay Anand | V44: =SUM(B44,D44,F44,H44,J44,L44,N44,P44,R44,T44) | W44: =COUNTIF(C44,"P")+COUNTIF(E44,"P")+COUNTIF(G44,"P")+COUNTIF(I44,"P")+COUNTIF(K44,"P")+COUNTIF(M44,"P")+COUNTIF(O44,"P")+COUNTIF(Q44,"P")+COUNTIF(S44,"P")+COUNTIF(U44,"P") | X44: =COUNTIF(C44,"A")+COUNTIF(E44,"A")+COUNTIF(G44,"A")+COUNTIF(I44,"A")+COUNTIF(K44,"A")+COUNTIF(M44,"A")+COUNTIF(O44,"A")+COUNTIF(Q44,"A")+COUNTIF(S44,"A")+COUNTIF(U44,"A") | Z44: =IF(Y44="","",Y44-V44) | AA44: =IF(OR(Y44="",Y44=0),"",V44/Y44) | AB44: =IF(OR(Y44="",Y44=0),"",IF((10-W44-X44)<=0,"N/A",Z44/(10-W44-X44))) | AC44: =IF(W44=0,"",ROUND((V44/W44)*10,0))
A45: Aadhya Gone | V45: =SUM(B45,D45,F45,H45,J45,L45,N45,P45,R45,T45) | W45: =COUNTIF(C45,"P")+COUNTIF(E45,"P")+COUNTIF(G45,"P")+COUNTIF(I45,"P")+COUNTIF(K45,"P")+COUNTIF(M45,"P")+COUNTIF(O45,"P")+COUNTIF(Q45,"P")+COUNTIF(S45,"P")+COUNTIF(U45,"P") | X45: =COUNTIF(C45,"A")+COUNTIF(E45,"A")+COUNTIF(G45,"A")+COUNTIF(I45,"A")+COUNTIF(K45,"A")+COUNTIF(M45,"A")+COUNTIF(O45,"A")+COUNTIF(Q45,"A")+COUNTIF(S45,"A")+COUNTIF(U45,"A") | Z45: =IF(Y45="","",Y45-V45) | AA45: =IF(OR(Y45="",Y45=0),"",V45/Y45) | AB45: =IF(OR(Y45="",Y45=0),"",IF((10-W45-X45)<=0,"N/A",Z45/(10-W45-X45))) | AC45: =IF(W45=0,"",ROUND((V45/W45)*10,0))
A46: Sumeyah Khan | V46: =SUM(B46,D46,F46,H46,J46,L46,N46,P46,R46,T46) | W46: =COUNTIF(C46,"P")+COUNTIF(E46,"P")+COUNTIF(G46,"P")+COUNTIF(I46,"P")+COUNTIF(K46,"P")+COUNTIF(M46,"P")+COUNTIF(O46,"P")+COUNTIF(Q46,"P")+COUNTIF(S46,"P")+COUNTIF(U46,"P") | X46: =COUNTIF(C46,"A")+COUNTIF(E46,"A")+COUNTIF(G46,"A")+COUNTIF(I46,"A")+COUNTIF(K46,"A")+COUNTIF(M46,"A")+COUNTIF(O46,"A")+COUNTIF(Q46,"A")+COUNTIF(S46,"A")+COUNTIF(U46,"A") | Z46: =IF(Y46="","",Y46-V46) | AA46: =IF(OR(Y46="",Y46=0),"",V46/Y46) | AB46: =IF(OR(Y46="",Y46=0),"",IF((10-W46-X46)<=0,"N/A",Z46/(10-W46-X46))) | AC46: =IF(W46=0,"",ROUND((V46/W46)*10,0))
A47: Maria Mujeeb | V47: =SUM(B47,D47,F47,H47,J47,L47,N47,P47,R47,T47) | W47: =COUNTIF(C47,"P")+COUNTIF(E47,"P")+COUNTIF(G47,"P")+COUNTIF(I47,"P")+COUNTIF(K47,"P")+COUNTIF(M47,"P")+COUNTIF(O47,"P")+COUNTIF(Q47,"P")+COUNTIF(S47,"P")+COUNTIF(U47,"P") | X47: =COUNTIF(C47,"A")+COUNTIF(E47,"A")+COUNTIF(G47,"A")+COUNTIF(I47,"A")+COUNTIF(K47,"A")+COUNTIF(M47,"A")+COUNTIF(O47,"A")+COUNTIF(Q47,"A")+COUNTIF(S47,"A")+COUNTIF(U47,"A") | Z47: =IF(Y47="","",Y47-V47) | AA47: =IF(OR(Y47="",Y47=0),"",V47/Y47) | AB47: =IF(OR(Y47="",Y47=0),"",IF((10-W47-X47)<=0,"N/A",Z47/(10-W47-X47))) | AC47: =IF(W47=0,"",ROUND((V47/W47)*10,0))
A48: Jace Ratliff | V48: =SUM(B48,D48,F48,H48,J48,L48,N48,P48,R48,T48) | W48: =COUNTIF(C48,"P")+COUNTIF(E48,"P")+COUNTIF(G48,"P")+COUNTIF(I48,"P")+COUNTIF(K48,"P")+COUNTIF(M48,"P")+COUNTIF(O48,"P")+COUNTIF(Q48,"P")+COUNTIF(S48,"P")+COUNTIF(U48,"P") | X48: =COUNTIF(C48,"A")+COUNTIF(E48,"A")+COUNTIF(G48,"A")+COUNTIF(I48,"A")+COUNTIF(K48,"A")+COUNTIF(M48,"A")+COUNTIF(O48,"A")+COUNTIF(Q48,"A")+COUNTIF(S48,"A")+COUNTIF(U48,"A") | Z48: =IF(Y48="","",Y48-V48) | AA48: =IF(OR(Y48="",Y48=0),"",V48/Y48) | AB48: =IF(OR(Y48="",Y48=0),"",IF((10-W48-X48)<=0,"N/A",Z48/(10-W48-X48))) | AC48: =IF(W48=0,"",ROUND((V48/W48)*10,0))
A49: Evan Allen | V49: =SUM(B49,D49,F49,H49,J49,L49,N49,P49,R49,T49) | W49: =COUNTIF(C49,"P")+COUNTIF(E49,"P")+COUNTIF(G49,"P")+COUNTIF(I49,"P")+COUNTIF(K49,"P")+COUNTIF(M49,"P")+COUNTIF(O49,"P")+COUNTIF(Q49,"P")+COUNTIF(S49,"P")+COUNTIF(U49,"P") | X49: =COUNTIF(C49,"A")+COUNTIF(E49,"A")+COUNTIF(G49,"A")+COUNTIF(I49,"A")+COUNTIF(K49,"A")+COUNTIF(M49,"A")+COUNTIF(O49,"A")+COUNTIF(Q49,"A")+COUNTIF(S49,"A")+COUNTIF(U49,"A") | Z49: =IF(Y49="","",Y49-V49) | AA49: =IF(OR(Y49="",Y49=0),"",V49/Y49) | AB49: =IF(OR(Y49="",Y49=0),"",IF((10-W49-X49)<=0,"N/A",Z49/(10-W49-X49))) | AC49: =IF(W49=0,"",ROUND((V49/W49)*10,0))
A50: Sai Neelagiri | V50: =SUM(B50,D50,F50,H50,J50,L50,N50,P50,R50,T50) | W50: =COUNTIF(C50,"P")+COUNTIF(E50,"P")+COUNTIF(G50,"P")+COUNTIF(I50,"P")+COUNTIF(K50,"P")+COUNTIF(M50,"P")+COUNTIF(O50,"P")+COUNTIF(Q50,"P")+COUNTIF(S50,"P")+COUNTIF(U50,"P") | X50: =COUNTIF(C50,"A")+COUNTIF(E50,"A")+COUNTIF(G50,"A")+COUNTIF(I50,"A")+COUNTIF(K50,"A")+COUNTIF(M50,"A")+COUNTIF(O50,"A")+COUNTIF(Q50,"A")+COUNTIF(S50,"A")+COUNTIF(U50,"A") | Z50: =IF(Y50="","",Y50-V50) | AA50: =IF(OR(Y50="",Y50=0),"",V50/Y50) | AB50: =IF(OR(Y50="",Y50=0),"",IF((10-W50-X50)<=0,"N/A",Z50/(10-W50-X50))) | AC50: =IF(W50=0,"",ROUND((V50/W50)*10,0))
A51: Fletcher Meese | V51: =SUM(B51,D51,F51,H51,J51,L51,N51,P51,R51,T51) | W51: =COUNTIF(C51,"P")+COUNTIF(E51,"P")+COUNTIF(G51,"P")+COUNTIF(I51,"P")+COUNTIF(K51,"P")+COUNTIF(M51,"P")+COUNTIF(O51,"P")+COUNTIF(Q51,"P")+COUNTIF(S51,"P")+COUNTIF(U51,"P") | X51: =COUNTIF(C51,"A")+COUNTIF(E51,"A")+COUNTIF(G51,"A")+COUNTIF(I51,"A")+COUNTIF(K51,"A")+COUNTIF(M51,"A")+COUNTIF(O51,"A")+COUNTIF(Q51,"A")+COUNTIF(S51,"A")+COUNTIF(U51,"A") | Z51: =IF(Y51="","",Y51-V51) | AA51: =IF(OR(Y51="",Y51=0),"",V51/Y51) | AB51: =IF(OR(Y51="",Y51=0),"",IF((10-W51-X51)<=0,"N/A",Z51/(10-W51-X51))) | AC51: =IF(W51=0,"",ROUND((V51/W51)*10,0))
A52: Elijah Aldaco | V52: =SUM(B52,D52,F52,H52,J52,L52,N52,P52,R52,T52) | W52: =COUNTIF(C52,"P")+COUNTIF(E52,"P")+COUNTIF(G52,"P")+COUNTIF(I52,"P")+COUNTIF(K52,"P")+COUNTIF(M52,"P")+COUNTIF(O52,"P")+COUNTIF(Q52,"P")+COUNTIF(S52,"P")+COUNTIF(U52,"P") | X52: =COUNTIF(C52,"A")+COUNTIF(E52,"A")+COUNTIF(G52,"A")+COUNTIF(I52,"A")+COUNTIF(K52,"A")+COUNTIF(M52,"A")+COUNTIF(O52,"A")+COUNTIF(Q52,"A")+COUNTIF(S52,"A")+COUNTIF(U52,"A") | Z52: =IF(Y52="","",Y52-V52) | AA52: =IF(OR(Y52="",Y52=0),"",V52/Y52) | AB52: =IF(OR(Y52="",Y52=0),"",IF((10-W52-X52)<=0,"N/A",Z52/(10-W52-X52))) | AC52: =IF(W52=0,"",ROUND((V52/W52)*10,0))
A53: Cain Gutierrez | V53: =SUM(B53,D53,F53,H53,J53,L53,N53,P53,R53,T53) | W53: =COUNTIF(C53,"P")+COUNTIF(E53,"P")+COUNTIF(G53,"P")+COUNTIF(I53,"P")+COUNTIF(K53,"P")+COUNTIF(M53,"P")+COUNTIF(O53,"P")+COUNTIF(Q53,"P")+COUNTIF(S53,"P")+COUNTIF(U53,"P") | X53: =COUNTIF(C53,"A")+COUNTIF(E53,"A")+COUNTIF(G53,"A")+COUNTIF(I53,"A")+COUNTIF(K53,"A")+COUNTIF(M53,"A")+COUNTIF(O53,"A")+COUNTIF(Q53,"A")+COUNTIF(S53,"A")+COUNTIF(U53,"A") | Z53: =IF(Y53="","",Y53-V53) | AA53: =IF(OR(Y53="",Y53=0),"",V53/Y53) | AB53: =IF(OR(Y53="",Y53=0),"",IF((10-W53-X53)<=0,"N/A",Z53/(10-W53-X53))) | AC53: =IF(W53=0,"",ROUND((V53/W53)*10,0))
A54: Grayson Barnhart | V54: =SUM(B54,D54,F54,H54,J54,L54,N54,P54,R54,T54) | W54: =COUNTIF(C54,"P")+COUNTIF(E54,"P")+COUNTIF(G54,"P")+COUNTIF(I54,"P")+COUNTIF(K54,"P")+COUNTIF(M54,"P")+COUNTIF(O54,"P")+COUNTIF(Q54,"P")+COUNTIF(S54,"P")+COUNTIF(U54,"P") | X54: =COUNTIF(C54,"A")+COUNTIF(E54,"A")+COUNTIF(G54,"A")+COUNTIF(I54,"A")+COUNTIF(K54,"A")+COUNTIF(M54,"A")+COUNTIF(O54,"A")+COUNTIF(Q54,"A")+COUNTIF(S54,"A")+COUNTIF(U54,"A") | Z54: =IF(Y54="","",Y54-V54) | AA54: =IF(OR(Y54="",Y54=0),"",V54/Y54) | AB54: =IF(OR(Y54="",Y54=0),"",IF((10-W54-X54)<=0,"N/A",Z54/(10-W54-X54))) | AC54: =IF(W54=0,"",ROUND((V54/W54)*10,0))
... A57: Jason Bean | V57: =SUM(B57,D57,F57,H57,J57,L57,N57,P57,R57,T57) | W57: =COUNTIF(C57,"P")+COUNTIF(E57,"P")+COUNTIF(G57,"P")+COUNTIF(I57,"P")+COUNTIF(K57,"P")+COUNTIF(M57,"P")+COUNTIF(O57,"P")+COUNTIF(Q57,"P")+COUNTIF(S57,"P")+COUNTIF(U57,"P") | X57: =COUNTIF(C57,"A")+COUNTIF(E57,"A")+COUNTIF(G57,"A")+COUNTIF(I57,"A")+COUNTIF(K57,"A")+COUNTIF(M57,"A")+COUNTIF(O57,"A")+COUNTIF(Q57,"A")+COUNTIF(S57,"A")+COUNTIF(U57,"A") | Z57: =IF(Y57="","",Y57-V57) | AA57: =IF(OR(Y57="",Y57=0),"",V57/Y57) | AB57: =IF(OR(Y57="",Y57=0),"",IF((10-W57-X57)<=0,"N/A",Z57/(10-W57-X57))) | AC57: =IF(W57=0,"",ROUND((V57/W57)*10,0))
A60: Q4 — Quarter 4
A61: Student Name | B61: Sess 1 | C61: Att 1 | D61: Sess 2 | E61: Att 2 | F61: Sess 3 | G61: Att 3 | H61: Sess 4 | I61: Att 4 | J61: Sess 5 | K61: Att 5 | L61: Sess 6 | M61: Att 6 | N61: Sess 7 | O61: Att 7 | P61: Sess 8 | Q61: Att 8 | R61: Sess 9 | S61: Att 9 | T61: Sess 10 | U61: Att 10 | V61: Min Met | W61: Sess Att | X61: Absences | Y61: IEP Req | Z61: Min Remain | AA61: % Complete | AB61: Pace Needed | AC61: Projected
A62: Raya Hightower | V62: =SUM(B62,D62,F62,H62,J62,L62,N62,P62,R62,T62) | W62: =COUNTIF(C62,"P")+COUNTIF(E62,"P")+COUNTIF(G62,"P")+COUNTIF(I62,"P")+COUNTIF(K62,"P")+COUNTIF(M62,"P")+COUNTIF(O62,"P")+COUNTIF(Q62,"P")+COUNTIF(S62,"P")+COUNTIF(U62,"P") | X62: =COUNTIF(C62,"A")+COUNTIF(E62,"A")+COUNTIF(G62,"A")+COUNTIF(I62,"A")+COUNTIF(K62,"A")+COUNTIF(M62,"A")+COUNTIF(O62,"A")+COUNTIF(Q62,"A")+COUNTIF(S62,"A")+COUNTIF(U62,"A") | Z62: =IF(Y62="","",Y62-V62) | AA62: =IF(OR(Y62="",Y62=0),"",V62/Y62) | AB62: =IF(OR(Y62="",Y62=0),"",IF((10-W62-X62)<=0,"N/A",Z62/(10-W62-X62))) | AC62: =IF(W62=0,"",ROUND((V62/W62)*10,0))
A63: Anu Vijay Anand | V63: =SUM(B63,D63,F63,H63,J63,L63,N63,P63,R63,T63) | W63: =COUNTIF(C63,"P")+COUNTIF(E63,"P")+COUNTIF(G63,"P")+COUNTIF(I63,"P")+COUNTIF(K63,"P")+COUNTIF(M63,"P")+COUNTIF(O63,"P")+COUNTIF(Q63,"P")+COUNTIF(S63,"P")+COUNTIF(U63,"P") | X63: =COUNTIF(C63,"A")+COUNTIF(E63,"A")+COUNTIF(G63,"A")+COUNTIF(I63,"A")+COUNTIF(K63,"A")+COUNTIF(M63,"A")+COUNTIF(O63,"A")+COUNTIF(Q63,"A")+COUNTIF(S63,"A")+COUNTIF(U63,"A") | Z63: =IF(Y63="","",Y63-V63) | AA63: =IF(OR(Y63="",Y63=0),"",V63/Y63) | AB63: =IF(OR(Y63="",Y63=0),"",IF((10-W63-X63)<=0,"N/A",Z63/(10-W63-X63))) | AC63: =IF(W63=0,"",ROUND((V63/W63)*10,0))
A64: Aadhya Gone | V64: =SUM(B64,D64,F64,H64,J64,L64,N64,P64,R64,T64) | W64: =COUNTIF(C64,"P")+COUNTIF(E64,"P")+COUNTIF(G64,"P")+COUNTIF(I64,"P")+COUNTIF(K64,"P")+COUNTIF(M64,"P")+COUNTIF(O64,"P")+COUNTIF(Q64,"P")+COUNTIF(S64,"P")+COUNTIF(U64,"P") | X64: =COUNTIF(C64,"A")+COUNTIF(E64,"A")+COUNTIF(G64,"A")+COUNTIF(I64,"A")+COUNTIF(K64,"A")+COUNTIF(M64,"A")+COUNTIF(O64,"A")+COUNTIF(Q64,"A")+COUNTIF(S64,"A")+COUNTIF(U64,"A") | Z64: =IF(Y64="","",Y64-V64) | AA64: =IF(OR(Y64="",Y64=0),"",V64/Y64) | AB64: =IF(OR(Y64="",Y64=0),"",IF((10-W64-X64)<=0,"N/A",Z64/(10-W64-X64))) | AC64: =IF(W64=0,"",ROUND((V64/W64)*10,0))
A65: Sumeyah Khan | V65: =SUM(B65,D65,F65,H65,J65,L65,N65,P65,R65,T65) | W65: =COUNTIF(C65,"P")+COUNTIF(E65,"P")+COUNTIF(G65,"P")+COUNTIF(I65,"P")+COUNTIF(K65,"P")+COUNTIF(M65,"P")+COUNTIF(O65,"P")+COUNTIF(Q65,"P")+COUNTIF(S65,"P")+COUNTIF(U65,"P") | X65: =COUNTIF(C65,"A")+COUNTIF(E65,"A")+COUNTIF(G65,"A")+COUNTIF(I65,"A")+COUNTIF(K65,"A")+COUNTIF(M65,"A")+COUNTIF(O65,"A")+COUNTIF(Q65,"A")+COUNTIF(S65,"A")+COUNTIF(U65,"A") | Z65: =IF(Y65="","",Y65-V65) | AA65: =IF(OR(Y65="",Y65=0),"",V65/Y65) | AB65: =IF(OR(Y65="",Y65=0),"",IF((10-W65-X65)<=0,"N/A",Z65/(10-W65-X65))) | AC65: =IF(W65=0,"",ROUND((V65/W65)*10,0))
A66: Maria Mujeeb | V66: =SUM(B66,D66,F66,H66,J66,L66,N66,P66,R66,T66) | W66: =COUNTIF(C66,"P")+COUNTIF(E66,"P")+COUNTIF(G66,"P")+COUNTIF(I66,"P")+COUNTIF(K66,"P")+COUNTIF(M66,"P")+COUNTIF(O66,"P")+COUNTIF(Q66,"P")+COUNTIF(S66,"P")+COUNTIF(U66,"P") | X66: =COUNTIF(C66,"A")+COUNTIF(E66,"A")+COUNTIF(G66,"A")+COUNTIF(I66,"A")+COUNTIF(K66,"A")+COUNTIF(M66,"A")+COUNTIF(O66,"A")+COUNTIF(Q66,"A")+COUNTIF(S66,"A")+COUNTIF(U66,"A") | Z66: =IF(Y66="","",Y66-V66) | AA66: =IF(OR(Y66="",Y66=0),"",V66/Y66) | AB66: =IF(OR(Y66="",Y66=0),"",IF((10-W66-X66)<=0,"N/A",Z66/(10-W66-X66))) | AC66: =IF(W66=0,"",ROUND((V66/W66)*10,0))
A67: Jace Ratliff | V67: =SUM(B67,D67,F67,H67,J67,L67,N67,P67,R67,T67) | W67: =COUNTIF(C67,"P")+COUNTIF(E67,"P")+COUNTIF(G67,"P")+COUNTIF(I67,"P")+COUNTIF(K67,"P")+COUNTIF(M67,"P")+COUNTIF(O67,"P")+COUNTIF(Q67,"P")+COUNTIF(S67,"P")+COUNTIF(U67,"P") | X67: =COUNTIF(C67,"A")+COUNTIF(E67,"A")+COUNTIF(G67,"A")+COUNTIF(I67,"A")+COUNTIF(K67,"A")+COUNTIF(M67,"A")+COUNTIF(O67,"A")+COUNTIF(Q67,"A")+COUNTIF(S67,"A")+COUNTIF(U67,"A") | Z67: =IF(Y67="","",Y67-V67) | AA67: =IF(OR(Y67="",Y67=0),"",V67/Y67) | AB67: =IF(OR(Y67="",Y67=0),"",IF((10-W67-X67)<=0,"N/A",Z67/(10-W67-X67))) | AC67: =IF(W67=0,"",ROUND((V67/W67)*10,0))
A68: Evan Allen | V68: =SUM(B68,D68,F68,H68,J68,L68,N68,P68,R68,T68) | W68: =COUNTIF(C68,"P")+COUNTIF(E68,"P")+COUNTIF(G68,"P")+COUNTIF(I68,"P")+COUNTIF(K68,"P")+COUNTIF(M68,"P")+COUNTIF(O68,"P")+COUNTIF(Q68,"P")+COUNTIF(S68,"P")+COUNTIF(U68,"P") | X68: =COUNTIF(C68,"A")+COUNTIF(E68,"A")+COUNTIF(G68,"A")+COUNTIF(I68,"A")+COUNTIF(K68,"A")+COUNTIF(M68,"A")+COUNTIF(O68,"A")+COUNTIF(Q68,"A")+COUNTIF(S68,"A")+COUNTIF(U68,"A") | Z68: =IF(Y68="","",Y68-V68) | AA68: =IF(OR(Y68="",Y68=0),"",V68/Y68) | AB68: =IF(OR(Y68="",Y68=0),"",IF((10-W68-X68)<=0,"N/A",Z68/(10-W68-X68))) | AC68: =IF(W68=0,"",ROUND((V68/W68)*10,0))
A69: Sai Neelagiri | V69: =SUM(B69,D69,F69,H69,J69,L69,N69,P69,R69,T69) | W69: =COUNTIF(C69,"P")+COUNTIF(E69,"P")+COUNTIF(G69,"P")+COUNTIF(I69,"P")+COUNTIF(K69,"P")+COUNTIF(M69,"P")+COUNTIF(O69,"P")+COUNTIF(Q69,"P")+COUNTIF(S69,"P")+COUNTIF(U69,"P") | X69: =COUNTIF(C69,"A")+COUNTIF(E69,"A")+COUNTIF(G69,"A")+COUNTIF(I69,"A")+COUNTIF(K69,"A")+COUNTIF(M69,"A")+COUNTIF(O69,"A")+COUNTIF(Q69,"A")+COUNTIF(S69,"A")+COUNTIF(U69,"A") | Z69: =IF(Y69="","",Y69-V69) | AA69: =IF(OR(Y69="",Y69=0),"",V69/Y69) | AB69: =IF(OR(Y69="",Y69=0),"",IF((10-W69-X69)<=0,"N/A",Z69/(10-W69-X69))) | AC69: =IF(W69=0,"",ROUND((V69/W69)*10,0))
A70: Fletcher Meese | V70: =SUM(B70,D70,F70,H70,J70,L70,N70,P70,R70,T70) | W70: =COUNTIF(C70,"P")+COUNTIF(E70,"P")+COUNTIF(G70,"P")+COUNTIF(I70,"P")+COUNTIF(K70,"P")+COUNTIF(M70,"P")+COUNTIF(O70,"P")+COUNTIF(Q70,"P")+COUNTIF(S70,"P")+COUNTIF(U70,"P") | X70: =COUNTIF(C70,"A")+COUNTIF(E70,"A")+COUNTIF(G70,"A")+COUNTIF(I70,"A")+COUNTIF(K70,"A")+COUNTIF(M70,"A")+COUNTIF(O70,"A")+COUNTIF(Q70,"A")+COUNTIF(S70,"A")+COUNTIF(U70,"A") | Z70: =IF(Y70="","",Y70-V70) | AA70: =IF(OR(Y70="",Y70=0),"",V70/Y70) | AB70: =IF(OR(Y70="",Y70=0),"",IF((10-W70-X70)<=0,"N/A",Z70/(10-W70-X70))) | AC70: =IF(W70=0,"",ROUND((V70/W70)*10,0))
A71: Elijah Aldaco | V71: =SUM(B71,D71,F71,H71,J71,L71,N71,P71,R71,T71) | W71: =COUNTIF(C71,"P")+COUNTIF(E71,"P")+COUNTIF(G71,"P")+COUNTIF(I71,"P")+COUNTIF(K71,"P")+COUNTIF(M71,"P")+COUNTIF(O71,"P")+COUNTIF(Q71,"P")+COUNTIF(S71,"P")+COUNTIF(U71,"P") | X71: =COUNTIF(C71,"A")+COUNTIF(E71,"A")+COUNTIF(G71,"A")+COUNTIF(I71,"A")+COUNTIF(K71,"A")+COUNTIF(M71,"A")+COUNTIF(O71,"A")+COUNTIF(Q71,"A")+COUNTIF(S71,"A")+COUNTIF(U71,"A") | Z71: =IF(Y71="","",Y71-V71) | AA71: =IF(OR(Y71="",Y71=0),"",V71/Y71) | AB71: =IF(OR(Y71="",Y71=0),"",IF((10-W71-X71)<=0,"N/A",Z71/(10-W71-X71))) | AC71: =IF(W71=0,"",ROUND((V71/W71)*10,0))
A72: Cain Gutierrez | V72: =SUM(B72,D72,F72,H72,J72,L72,N72,P72,R72,T72) | W72: =COUNTIF(C72,"P")+COUNTIF(E72,"P")+COUNTIF(G72,"P")+COUNTIF(I72,"P")+COUNTIF(K72,"P")+COUNTIF(M72,"P")+COUNTIF(O72,"P")+COUNTIF(Q72,"P")+COUNTIF(S72,"P")+COUNTIF(U72,"P") | X72: =COUNTIF(C72,"A")+COUNTIF(E72,"A")+COUNTIF(G72,"A")+COUNTIF(I72,"A")+COUNTIF(K72,"A")+COUNTIF(M72,"A")+COUNTIF(O72,"A")+COUNTIF(Q72,"A")+COUNTIF(S72,"A")+COUNTIF(U72,"A") | Z72: =IF(Y72="","",Y72-V72) | AA72: =IF(OR(Y72="",Y72=0),"",V72/Y72) | AB72: =IF(OR(Y72="",Y72=0),"",IF((10-W72-X72)<=0,"N/A",Z72/(10-W72-X72))) | AC72: =IF(W72=0,"",ROUND((V72/W72)*10,0))
A73: Grayson Barnhart | V73: =SUM(B73,D73,F73,H73,J73,L73,N73,P73,R73,T73) | W73: =COUNTIF(C73,"P")+COUNTIF(E73,"P")+COUNTIF(G73,"P")+COUNTIF(I73,"P")+COUNTIF(K73,"P")+COUNTIF(M73,"P")+COUNTIF(O73,"P")+COUNTIF(Q73,"P")+COUNTIF(S73,"P")+COUNTIF(U73,"P") | X73: =COUNTIF(C73,"A")+COUNTIF(E73,"A")+COUNTIF(G73,"A")+COUNTIF(I73,"A")+COUNTIF(K73,"A")+COUNTIF(M73,"A")+COUNTIF(O73,"A")+COUNTIF(Q73,"A")+COUNTIF(S73,"A")+COUNTIF(U73,"A") | Z73: =IF(Y73="","",Y73-V73) | AA73: =IF(OR(Y73="",Y73=0),"",V73/Y73) | AB73: =IF(OR(Y73="",Y73=0),"",IF((10-W73-X73)<=0,"N/A",Z73/(10-W73-X73))) | AC73: =IF(W73=0,"",ROUND((V73/W73)*10,0))
... A76: Jason Bean | V76: =SUM(B76,D76,F76,H76,J76,L76,N76,P76,R76,T76) | W76: =COUNTIF(C76,"P")+COUNTIF(E76,"P")+COUNTIF(G76,"P")+COUNTIF(I76,"P")+COUNTIF(K76,"P")+COUNTIF(M76,"P")+COUNTIF(O76,"P")+COUNTIF(Q76,"P")+COUNTIF(S76,"P")+COUNTIF(U76,"P") | X76: =COUNTIF(C76,"A")+COUNTIF(E76,"A")+COUNTIF(G76,"A")+COUNTIF(I76,"A")+COUNTIF(K76,"A")+COUNTIF(M76,"A")+COUNTIF(O76,"A")+COUNTIF(Q76,"A")+COUNTIF(S76,"A")+COUNTIF(U76,"A") | Z76: =IF(Y76="","",Y76-V76) | AA76: =IF(OR(Y76="",Y76=0),"",V76/Y76) | AB76: =IF(OR(Y76="",Y76=0),"",IF((10-W76-X76)<=0,"N/A",Z76/(10-W76-X76))) | AC76: =IF(W76=0,"",ROUND((V76/W76)*10,0))

Sheet Speech
A1: Speech — SPED Minute Tracker
A3: Q1 — Quarter 1
A4: Student Name | B4: Sess 1 | C4: Att 1 | D4: Sess 2 | E4: Att 2 | F4: Sess 3 | G4: Att 3 | H4: Sess 4 | I4: Att 4 | J4: Sess 5 | K4: Att 5 | L4: Sess 6 | M4: Att 6 | N4: Sess 7 | O4: Att 7 | P4: Sess 8 | Q4: Att 8 | R4: Sess 9 | S4: Att 9 | T4: Sess 10 | U4: Att 10 | V4: Min Met | W4: Sess Att | X4: Absences | Y4: IEP Req | Z4: Min Remain | AA4: % Complete | AB4: Pace Needed | AC4: Projected
A5: Raya Hightower | V5: =SUM(B5,D5,F5,H5,J5,L5,N5,P5,R5,T5) | W5: =COUNTIF(C5,"P")+COUNTIF(E5,"P")+COUNTIF(G5,"P")+COUNTIF(I5,"P")+COUNTIF(K5,"P")+COUNTIF(M5,"P")+COUNTIF(O5,"P")+COUNTIF(Q5,"P")+COUNTIF(S5,"P")+COUNTIF(U5,"P") | X5: =COUNTIF(C5,"A")+COUNTIF(E5,"A")+COUNTIF(G5,"A")+COUNTIF(I5,"A")+COUNTIF(K5,"A")+COUNTIF(M5,"A")+COUNTIF(O5,"A")+COUNTIF(Q5,"A")+COUNTIF(S5,"A")+COUNTIF(U5,"A") | Z5: =IF(Y5="","",Y5-V5) | AA5: =IF(OR(Y5="",Y5=0),"",V5/Y5) | AB5: =IF(OR(Y5="",Y5=0),"",IF((10-W5-X5)<=0,"N/A",Z5/(10-W5-X5))) | AC5: =IF(W5=0,"",ROUND((V5/W5)*10,0))
A6: Anu Vijay Anand | V6: =SUM(B6,D6,F6,H6,J6,L6,N6,P6,R6,T6) | W6: =COUNTIF(C6,"P")+COUNTIF(E6,"P")+COUNTIF(G6,"P")+COUNTIF(I6,"P")+COUNTIF(K6,"P")+COUNTIF(M6,"P")+COUNTIF(O6,"P")+COUNTIF(Q6,"P")+COUNTIF(S6,"P")+COUNTIF(U6,"P") | X6: =COUNTIF(C6,"A")+COUNTIF(E6,"A")+COUNTIF(G6,"A")+COUNTIF(I6,"A")+COUNTIF(K6,"A")+COUNTIF(M6,"A")+COUNTIF(O6,"A")+COUNTIF(Q6,"A")+COUNTIF(S6,"A")+COUNTIF(U6,"A") | Z6: =IF(Y6="","",Y6-V6) | AA6: =IF(OR(Y6="",Y6=0),"",V6/Y6) | AB6: =IF(OR(Y6="",Y6=0),"",IF((10-W6-X6)<=0,"N/A",Z6/(10-W6-X6))) | AC6: =IF(W6=0,"",ROUND((V6/W6)*10,0))
A7: Aadhya Gone | V7: =SUM(B7,D7,F7,H7,J7,L7,N7,P7,R7,T7) | W7: =COUNTIF(C7,"P")+COUNTIF(E7,"P")+COUNTIF(G7,"P")+COUNTIF(I7,"P")+COUNTIF(K7,"P")+COUNTIF(M7,"P")+COUNTIF(O7,"P")+COUNTIF(Q7,"P")+COUNTIF(S7,"P")+COUNTIF(U7,"P") | X7: =COUNTIF(C7,"A")+COUNTIF(E7,"A")+COUNTIF(G7,"A")+COUNTIF(I7,"A")+COUNTIF(K7,"A")+COUNTIF(M7,"A")+COUNTIF(O7,"A")+COUNTIF(Q7,"A")+COUNTIF(S7,"A")+COUNTIF(U7,"A") | Z7: =IF(Y7="","",Y7-V7) | AA7: =IF(OR(Y7="",Y7=0),"",V7/Y7) | AB7: =IF(OR(Y7="",Y7=0),"",IF((10-W7-X7)<=0,"N/A",Z7/(10-W7-X7))) | AC7: =IF(W7=0,"",ROUND((V7/W7)*10,0))
A8: Sumeyah Khan | V8: =SUM(B8,D8,F8,H8,J8,L8,N8,P8,R8,T8) | W8: =COUNTIF(C8,"P")+COUNTIF(E8,"P")+COUNTIF(G8,"P")+COUNTIF(I8,"P")+COUNTIF(K8,"P")+COUNTIF(M8,"P")+COUNTIF(O8,"P")+COUNTIF(Q8,"P")+COUNTIF(S8,"P")+COUNTIF(U8,"P") | X8: =COUNTIF(C8,"A")+COUNTIF(E8,"A")+COUNTIF(G8,"A")+COUNTIF(I8,"A")+COUNTIF(K8,"A")+COUNTIF(M8,"A")+COUNTIF(O8,"A")+COUNTIF(Q8,"A")+COUNTIF(S8,"A")+COUNTIF(U8,"A") | Z8: =IF(Y8="","",Y8-V8) | AA8: =IF(OR(Y8="",Y8=0),"",V8/Y8) | AB8: =IF(OR(Y8="",Y8=0),"",IF((10-W8-X8)<=0,"N/A",Z8/(10-W8-X8))) | AC8: =IF(W8=0,"",ROUND((V8/W8)*10,0))
A9: Maria Mujeeb | V9: =SUM(B9,D9,F9,H9,J9,L9,N9,P9,R9,T9) | W9: =COUNTIF(C9,"P")+COUNTIF(E9,"P")+COUNTIF(G9,"P")+COUNTIF(I9,"P")+COUNTIF(K9,"P")+COUNTIF(M9,"P")+COUNTIF(O9,"P")+COUNTIF(Q9,"P")+COUNTIF(S9,"P")+COUNTIF(U9,"P") | X9: =COUNTIF(C9,"A")+COUNTIF(E9,"A")+COUNTIF(G9,"A")+COUNTIF(I9,"A")+COUNTIF(K9,"A")+COUNTIF(M9,"A")+COUNTIF(O9,"A")+COUNTIF(Q9,"A")+COUNTIF(S9,"A")+COUNTIF(U9,"A") | Z9: =IF(Y9="","",Y9-V9) | AA9: =IF(OR(Y9="",Y9=0),"",V9/Y9) | AB9: =IF(OR(Y9="",Y9=0),"",IF((10-W9-X9)<=0,"N/A",Z9/(10-W9-X9))) | AC9: =IF(W9=0,"",ROUND((V9/W9)*10,0))
A10: Jace Ratliff | V10: =SUM(B10,D10,F10,H10,J10,L10,N10,P10,R10,T10) | W10: =COUNTIF(C10,"P")+COUNTIF(E10,"P")+COUNTIF(G10,"P")+COUNTIF(I10,"P")+COUNTIF(K10,"P")+COUNTIF(M10,"P")+COUNTIF(O10,"P")+COUNTIF(Q10,"P")+COUNTIF(S10,"P")+COUNTIF(U10,"P") | X10: =COUNTIF(C10,"A")+COUNTIF(E10,"A")+COUNTIF(G10,"A")+COUNTIF(I10,"A")+COUNTIF(K10,"A")+COUNTIF(M10,"A")+COUNTIF(O10,"A")+COUNTIF(Q10,"A")+COUNTIF(S10,"A")+COUNTIF(U10,"A") | Z10: =IF(Y10="","",Y10-V10) | AA10: =IF(OR(Y10="",Y10=0),"",V10/Y10) | AB10: =IF(OR(Y10="",Y10=0),"",IF((10-W10-X10)<=0,"N/A",Z10/(10-W10-X10))) | AC10: =IF(W10=0,"",ROUND((V10/W10)*10,0))
A11: Evan Allen | V11: =SUM(B11,D11,F11,H11,J11,L11,N11,P11,R11,T11) | W11: =COUNTIF(C11,"P")+COUNTIF(E11,"P")+COUNTIF(G11,"P")+COUNTIF(I11,"P")+COUNTIF(K11,"P")+COUNTIF(M11,"P")+COUNTIF(O11,"P")+COUNTIF(Q11,"P")+COUNTIF(S11,"P")+COUNTIF(U11,"P") | X11: =COUNTIF(C11,"A")+COUNTIF(E11,"A")+COUNTIF(G11,"A")+COUNTIF(I11,"A")+COUNTIF(K11,"A")+COUNTIF(M11,"A")+COUNTIF(O11,"A")+COUNTIF(Q11,"A")+COUNTIF(S11,"A")+COUNTIF(U11,"A") | Z11: =IF(Y11="","",Y11-V11) | AA11: =IF(OR(Y11="",Y11=0),"",V11/Y11) | AB11: =IF(OR(Y11="",Y11=0),"",IF((10-W11-X11)<=0,"N/A",Z11/(10-W11-X11))) | AC11: =IF(W11=0,"",ROUND((V11/W11)*10,0))
A12: Sai Neelagiri | V12: =SUM(B12,D12,F12,H12,J12,L12,N12,P12,R12,T12) | W12: =COUNTIF(C12,"P")+COUNTIF(E12,"P")+COUNTIF(G12,"P")+COUNTIF(I12,"P")+COUNTIF(K12,"P")+COUNTIF(M12,"P")+COUNTIF(O12,"P")+COUNTIF(Q12,"P")+COUNTIF(S12,"P")+COUNTIF(U12,"P") | X12: =COUNTIF(C12,"A")+COUNTIF(E12,"A")+COUNTIF(G12,"A")+COUNTIF(I12,"A")+COUNTIF(K12,"A")+COUNTIF(M12,"A")+COUNTIF(O12,"A")+COUNTIF(Q12,"A")+COUNTIF(S12,"A")+COUNTIF(U12,"A") | Z12: =IF(Y12="","",Y12-V12) | AA12: =IF(OR(Y12="",Y12=0),"",V12/Y12) | AB12: =IF(OR(Y12="",Y12=0),"",IF((10-W12-X12)<=0,"N/A",Z12/(10-W12-X12))) | AC12: =IF(W12=0,"",ROUND((V12/W12)*10,0))
A13: Fletcher Meese | V13: =SUM(B13,D13,F13,H13,J13,L13,N13,P13,R13,T13) | W13: =COUNTIF(C13,"P")+COUNTIF(E13,"P")+COUNTIF(G13,"P")+COUNTIF(I13,"P")+COUNTIF(K13,"P")+COUNTIF(M13,"P")+COUNTIF(O13,"P")+COUNTIF(Q13,"P")+COUNTIF(S13,"P")+COUNTIF(U13,"P") | X13: =COUNTIF(C13,"A")+COUNTIF(E13,"A")+COUNTIF(G13,"A")+COUNTIF(I13,"A")+COUNTIF(K13,"A")+COUNTIF(M13,"A")+COUNTIF(O13,"A")+COUNTIF(Q13,"A")+COUNTIF(S13,"A")+COUNTIF(U13,"A") | Z13: =IF(Y13="","",Y13-V13) | AA13: =IF(OR(Y13="",Y13=0),"",V13/Y13) | AB13: =IF(OR(Y13="",Y13=0),"",IF((10-W13-X13)<=0,"N/A",Z13/(10-W13-X13))) | AC13: =IF(W13=0,"",ROUND((V13/W13)*10,0))
A14: Elijah Aldaco | V14: =SUM(B14,D14,F14,H14,J14,L14,N14,P14,R14,T14) | W14: =COUNTIF(C14,"P")+COUNTIF(E14,"P")+COUNTIF(G14,"P")+COUNTIF(I14,"P")+COUNTIF(K14,"P")+COUNTIF(M14,"P")+COUNTIF(O14,"P")+COUNTIF(Q14,"P")+COUNTIF(S14,"P")+COUNTIF(U14,"P") | X14: =COUNTIF(C14,"A")+COUNTIF(E14,"A")+COUNTIF(G14,"A")+COUNTIF(I14,"A")+COUNTIF(K14,"A")+COUNTIF(M14,"A")+COUNTIF(O14,"A")+COUNTIF(Q14,"A")+COUNTIF(S14,"A")+COUNTIF(U14,"A") | Z14: =IF(Y14="","",Y14-V14) | AA14: =IF(OR(Y14="",Y14=0),"",V14/Y14) | AB14: =IF(OR(Y14="",Y14=0),"",IF((10-W14-X14)<=0,"N/A",Z14/(10-W14-X14))) | AC14: =IF(W14=0,"",ROUND((V14/W14)*10,0))
A15: Cain Gutierrez | V15: =SUM(B15,D15,F15,H15,J15,L15,N15,P15,R15,T15) | W15: =COUNTIF(C15,"P")+COUNTIF(E15,"P")+COUNTIF(G15,"P")+COUNTIF(I15,"P")+COUNTIF(K15,"P")+COUNTIF(M15,"P")+COUNTIF(O15,"P")+COUNTIF(Q15,"P")+COUNTIF(S15,"P")+COUNTIF(U15,"P") | X15: =COUNTIF(C15,"A")+COUNTIF(E15,"A")+COUNTIF(G15,"A")+COUNTIF(I15,"A")+COUNTIF(K15,"A")+COUNTIF(M15,"A")+COUNTIF(O15,"A")+COUNTIF(Q15,"A")+COUNTIF(S15,"A")+COUNTIF(U15,"A") | Z15: =IF(Y15="","",Y15-V15) | AA15: =IF(OR(Y15="",Y15=0),"",V15/Y15) | AB15: =IF(OR(Y15="",Y15=0),"",IF((10-W15-X15)<=0,"N/A",Z15/(10-W15-X15))) | AC15: =IF(W15=0,"",ROUND((V15/W15)*10,0))
A16: Grayson Barnhart | V16: =SUM(B16,D16,F16,H16,J16,L16,N16,P16,R16,T16) | W16: =COUNTIF(C16,"P")+COUNTIF(E16,"P")+COUNTIF(G16,"P")+COUNTIF(I16,"P")+COUNTIF(K16,"P")+COUNTIF(M16,"P")+COUNTIF(O16,"P")+COUNTIF(Q16,"P")+COUNTIF(S16,"P")+COUNTIF(U16,"P") | X16: =COUNTIF(C16,"A")+COUNTIF(E16,"A")+COUNTIF(G16,"A")+COUNTIF(I16,"A")+COUNTIF(K16,"A")+COUNTIF(M16,"A")+COUNTIF(O16,"A")+COUNTIF(Q16,"A")+COUNTIF(S16,"A")+COUNTIF(U16,"A") | Z16: =IF(Y16="","",Y16-V16) | AA16: =IF(OR(Y16="",Y16=0),"",V16/Y16) | AB16: =IF(OR(Y16="",Y16=0),"",IF((10-W16-X16)<=0,"N/A",Z16/(10-W16-X16))) | AC16: =IF(W16=0,"",ROUND((V16/W16)*10,0))
... A19: Jason Bean | V19: =SUM(B19,D19,F19,H19,J19,L19,N19,P19,R19,T19) | W19: =COUNTIF(C19,"P")+COUNTIF(E19,"P")+COUNTIF(G19,"P")+COUNTIF(I19,"P")+COUNTIF(K19,"P")+COUNTIF(M19,"P")+COUNTIF(O19,"P")+COUNTIF(Q19,"P")+COUNTIF(S19,"P")+COUNTIF(U19,"P") | X19: =COUNTIF(C19,"A")+COUNTIF(E19,"A")+COUNTIF(G19,"A")+COUNTIF(I19,"A")+COUNTIF(K19,"A")+COUNTIF(M19,"A")+COUNTIF(O19,"A")+COUNTIF(Q19,"A")+COUNTIF(S19,"A")+COUNTIF(U19,"A") | Z19: =IF(Y19="","",Y19-V19) | AA19: =IF(OR(Y19="",Y19=0),"",V19/Y19) | AB19: =IF(OR(Y19="",Y19=0),"",IF((10-W19-X19)<=0,"N/A",Z19/(10-W19-X19))) | AC19: =IF(W19=0,"",ROUND((V19/W19)*10,0))
A22: Q2 — Quarter 2
A23: Student Name | B23: Sess 1 | C23: Att 1 | D23: Sess 2 | E23: Att 2 | F23: Sess 3 | G23: Att 3 | H23: Sess 4 | I23: Att 4 | J23: Sess 5 | K23: Att 5 | L23: Sess 6 | M23: Att 6 | N23: Sess 7 | O23: Att 7 | P23: Sess 8 | Q23: Att 8 | R23: Sess 9 | S23: Att 9 | T23: Sess 10 | U23: Att 10 | V23: Min Met | W23: Sess Att | X23: Absences | Y23: IEP Req | Z23: Min Remain | AA23: % Complete | AB23: Pace Needed | AC23: Projected
A24: Raya Hightower | V24: =SUM(B24,D24,F24,H24,J24,L24,N24,P24,R24,T24) | W24: =COUNTIF(C24,"P")+COUNTIF(E24,"P")+COUNTIF(G24,"P")+COUNTIF(I24,"P")+COUNTIF(K24,"P")+COUNTIF(M24,"P")+COUNTIF(O24,"P")+COUNTIF(Q24,"P")+COUNTIF(S24,"P")+COUNTIF(U24,"P") | X24: =COUNTIF(C24,"A")+COUNTIF(E24,"A")+COUNTIF(G24,"A")+COUNTIF(I24,"A")+COUNTIF(K24,"A")+COUNTIF(M24,"A")+COUNTIF(O24,"A")+COUNTIF(Q24,"A")+COUNTIF(S24,"A")+COUNTIF(U24,"A") | Z24: =IF(Y24="","",Y24-V24) | AA24: =IF(OR(Y24="",Y24=0),"",V24/Y24) | AB24: =IF(OR(Y24="",Y24=0),"",IF((10-W24-X24)<=0,"N/A",Z24/(10-W24-X24))) | AC24: =IF(W24=0,"",ROUND((V24/W24)*10,0))
A25: Anu Vijay Anand | V25: =SUM(B25,D25,F25,H25,J25,L25,N25,P25,R25,T25) | W25: =COUNTIF(C25,"P")+COUNTIF(E25,"P")+COUNTIF(G25,"P")+COUNTIF(I25,"P")+COUNTIF(K25,"P")+COUNTIF(M25,"P")+COUNTIF(O25,"P")+COUNTIF(Q25,"P")+COUNTIF(S25,"P")+COUNTIF(U25,"P") | X25: =COUNTIF(C25,"A")+COUNTIF(E25,"A")+COUNTIF(G25,"A")+COUNTIF(I25,"A")+COUNTIF(K25,"A")+COUNTIF(M25,"A")+COUNTIF(O25,"A")+COUNTIF(Q25,"A")+COUNTIF(S25,"A")+COUNTIF(U25,"A") | Z25: =IF(Y25="","",Y25-V25) | AA25: =IF(OR(Y25="",Y25=0),"",V25/Y25) | AB25: =IF(OR(Y25="",Y25=0),"",IF((10-W25-X25)<=0,"N/A",Z25/(10-W25-X25))) | AC25: =IF(W25=0,"",ROUND((V25/W25)*10,0))
A26: Aadhya Gone | V26: =SUM(B26,D26,F26,H26,J26,L26,N26,P26,R26,T26) | W26: =COUNTIF(C26,"P")+COUNTIF(E26,"P")+COUNTIF(G26,"P")+COUNTIF(I26,"P")+COUNTIF(K26,"P")+COUNTIF(M26,"P")+COUNTIF(O26,"P")+COUNTIF(Q26,"P")+COUNTIF(S26,"P")+COUNTIF(U26,"P") | X26: =COUNTIF(C26,"A")+COUNTIF(E26,"A")+COUNTIF(G26,"A")+COUNTIF(I26,"A")+COUNTIF(K26,"A")+COUNTIF(M26,"A")+COUNTIF(O26,"A")+COUNTIF(Q26,"A")+COUNTIF(S26,"A")+COUNTIF(U26,"A") | Z26: =IF(Y26="","",Y26-V26) | AA26: =IF(OR(Y26="",Y26=0),"",V26/Y26) | AB26: =IF(OR(Y26="",Y26=0),"",IF((10-W26-X26)<=0,"N/A",Z26/(10-W26-X26))) | AC26: =IF(W26=0,"",ROUND((V26/W26)*10,0))
A27: Sumeyah Khan | V27: =SUM(B27,D27,F27,H27,J27,L27,N27,P27,R27,T27) | W27: =COUNTIF(C27,"P")+COUNTIF(E27,"P")+COUNTIF(G27,"P")+COUNTIF(I27,"P")+COUNTIF(K27,"P")+COUNTIF(M27,"P")+COUNTIF(O27,"P")+COUNTIF(Q27,"P")+COUNTIF(S27,"P")+COUNTIF(U27,"P") | X27: =COUNTIF(C27,"A")+COUNTIF(E27,"A")+COUNTIF(G27,"A")+COUNTIF(I27,"A")+COUNTIF(K27,"A")+COUNTIF(M27,"A")+COUNTIF(O27,"A")+COUNTIF(Q27,"A")+COUNTIF(S27,"A")+COUNTIF(U27,"A") | Z27: =IF(Y27="","",Y27-V27) | AA27: =IF(OR(Y27="",Y27=0),"",V27/Y27) | AB27: =IF(OR(Y27="",Y27=0),"",IF((10-W27-X27)<=0,"N/A",Z27/(10-W27-X27))) | AC27: =IF(W27=0,"",ROUND((V27/W27)*10,0))
A28: Maria Mujeeb | V28: =SUM(B28,D28,F28,H28,J28,L28,N28,P28,R28,T28) | W28: =COUNTIF(C28,"P")+COUNTIF(E28,"P")+COUNTIF(G28,"P")+COUNTIF(I28,"P")+COUNTIF(K28,"P")+COUNTIF(M28,"P")+COUNTIF(O28,"P")+COUNTIF(Q28,"P")+COUNTIF(S28,"P")+COUNTIF(U28,"P") | X28: =COUNTIF(C28,"A")+COUNTIF(E28,"A")+COUNTIF(G28,"A")+COUNTIF(I28,"A")+COUNTIF(K28,"A")+COUNTIF(M28,"A")+COUNTIF(O28,"A")+COUNTIF(Q28,"A")+COUNTIF(S28,"A")+COUNTIF(U28,"A") | Z28: =IF(Y28="","",Y28-V28) | AA28: =IF(OR(Y28="",Y28=0),"",V28/Y28) | AB28: =IF(OR(Y28="",Y28=0),"",IF((10-W28-X28)<=0,"N/A",Z28/(10-W28-X28))) | AC28: =IF(W28=0,"",ROUND((V28/W28)*10,0))
A29: Jace Ratliff | V29: =SUM(B29,D29,F29,H29,J29,L29,N29,P29,R29,T29) | W29: =COUNTIF(C29,"P")+COUNTIF(E29,"P")+COUNTIF(G29,"P")+COUNTIF(I29,"P")+COUNTIF(K29,"P")+COUNTIF(M29,"P")+COUNTIF(O29,"P")+COUNTIF(Q29,"P")+COUNTIF(S29,"P")+COUNTIF(U29,"P") | X29: =COUNTIF(C29,"A")+COUNTIF(E29,"A")+COUNTIF(G29,"A")+COUNTIF(I29,"A")+COUNTIF(K29,"A")+COUNTIF(M29,"A")+COUNTIF(O29,"A")+COUNTIF(Q29,"A")+COUNTIF(S29,"A")+COUNTIF(U29,"A") | Z29: =IF(Y29="","",Y29-V29) | AA29: =IF(OR(Y29="",Y29=0),"",V29/Y29) | AB29: =IF(OR(Y29="",Y29=0),"",IF((10-W29-X29)<=0,"N/A",Z29/(10-W29-X29))) | AC29: =IF(W29=0,"",ROUND((V29/W29)*10,0))
A30: Evan Allen | V30: =SUM(B30,D30,F30,H30,J30,L30,N30,P30,R30,T30) | W30: =COUNTIF(C30,"P")+COUNTIF(E30,"P")+COUNTIF(G30,"P")+COUNTIF(I30,"P")+COUNTIF(K30,"P")+COUNTIF(M30,"P")+COUNTIF(O30,"P")+COUNTIF(Q30,"P")+COUNTIF(S30,"P")+COUNTIF(U30,"P") | X30: =COUNTIF(C30,"A")+COUNTIF(E30,"A")+COUNTIF(G30,"A")+COUNTIF(I30,"A")+COUNTIF(K30,"A")+COUNTIF(M30,"A")+COUNTIF(O30,"A")+COUNTIF(Q30,"A")+COUNTIF(S30,"A")+COUNTIF(U30,"A") | Z30: =IF(Y30="","",Y30-V30) | AA30: =IF(OR(Y30="",Y30=0),"",V30/Y30) | AB30: =IF(OR(Y30="",Y30=0),"",IF((10-W30-X30)<=0,"N/A",Z30/(10-W30-X30))) | AC30: =IF(W30=0,"",ROUND((V30/W30)*10,0))
A31: Sai Neelagiri | V31: =SUM(B31,D31,F31,H31,J31,L31,N31,P31,R31,T31) | W31: =COUNTIF(C31,"P")+COUNTIF(E31,"P")+COUNTIF(G31,"P")+COUNTIF(I31,"P")+COUNTIF(K31,"P")+COUNTIF(M31,"P")+COUNTIF(O31,"P")+COUNTIF(Q31,"P")+COUNTIF(S31,"P")+COUNTIF(U31,"P") | X31: =COUNTIF(C31,"A")+COUNTIF(E31,"A")+COUNTIF(G31,"A")+COUNTIF(I31,"A")+COUNTIF(K31,"A")+COUNTIF(M31,"A")+COUNTIF(O31,"A")+COUNTIF(Q31,"A")+COUNTIF(S31,"A")+COUNTIF(U31,"A") | Z31: =IF(Y31="","",Y31-V31) | AA31: =IF(OR(Y31="",Y31=0),"",V31/Y31) | AB31: =IF(OR(Y31="",Y31=0),"",IF((10-W31-X31)<=0,"N/A",Z31/(10-W31-X31))) | AC31: =IF(W31=0,"",ROUND((V31/W31)*10,0))
A32: Fletcher Meese | V32: =SUM(B32,D32,F32,H32,J32,L32,N32,P32,R32,T32) | W32: =COUNTIF(C32,"P")+COUNTIF(E32,"P")+COUNTIF(G32,"P")+COUNTIF(I32,"P")+COUNTIF(K32,"P")+COUNTIF(M32,"P")+COUNTIF(O32,"P")+COUNTIF(Q32,"P")+COUNTIF(S32,"P")+COUNTIF(U32,"P") | X32: =COUNTIF(C32,"A")+COUNTIF(E32,"A")+COUNTIF(G32,"A")+COUNTIF(I32,"A")+COUNTIF(K32,"A")+COUNTIF(M32,"A")+COUNTIF(O32,"A")+COUNTIF(Q32,"A")+COUNTIF(S32,"A")+COUNTIF(U32,"A") | Z32: =IF(Y32="","",Y32-V32) | AA32: =IF(OR(Y32="",Y32=0),"",V32/Y32) | AB32: =IF(OR(Y32="",Y32=0),"",IF((10-W32-X32)<=0,"N/A",Z32/(10-W32-X32))) | AC32: =IF(W32=0,"",ROUND((V32/W32)*10,0))
A33: Elijah Aldaco | V33: =SUM(B33,D33,F33,H33,J33,L33,N33,P33,R33,T33) | W33: =COUNTIF(C33,"P")+COUNTIF(E33,"P")+COUNTIF(G33,"P")+COUNTIF(I33,"P")+COUNTIF(K33,"P")+COUNTIF(M33,"P")+COUNTIF(O33,"P")+COUNTIF(Q33,"P")+COUNTIF(S33,"P")+COUNTIF(U33,"P") | X33: =COUNTIF(C33,"A")+COUNTIF(E33,"A")+COUNTIF(G33,"A")+COUNTIF(I33,"A")+COUNTIF(K33,"A")+COUNTIF(M33,"A")+COUNTIF(O33,"A")+COUNTIF(Q33,"A")+COUNTIF(S33,"A")+COUNTIF(U33,"A") | Z33: =IF(Y33="","",Y33-V33) | AA33: =IF(OR(Y33="",Y33=0),"",V33/Y33) | AB33: =IF(OR(Y33="",Y33=0),"",IF((10-W33-X33)<=0,"N/A",Z33/(10-W33-X33))) | AC33: =IF(W33=0,"",ROUND((V33/W33)*10,0))
A34: Cain Gutierrez | V34: =SUM(B34,D34,F34,H34,J34,L34,N34,P34,R34,T34) | W34: =COUNTIF(C34,"P")+COUNTIF(E34,"P")+COUNTIF(G34,"P")+COUNTIF(I34,"P")+COUNTIF(K34,"P")+COUNTIF(M34,"P")+COUNTIF(O34,"P")+COUNTIF(Q34,"P")+COUNTIF(S34,"P")+COUNTIF(U34,"P") | X34: =COUNTIF(C34,"A")+COUNTIF(E34,"A")+COUNTIF(G34,"A")+COUNTIF(I34,"A")+COUNTIF(K34,"A")+COUNTIF(M34,"A")+COUNTIF(O34,"A")+COUNTIF(Q34,"A")+COUNTIF(S34,"A")+COUNTIF(U34,"A") | Z34: =IF(Y34="","",Y34-V34) | AA34: =IF(OR(Y34="",Y34=0),"",V34/Y34) | AB34: =IF(OR(Y34="",Y34=0),"",IF((10-W34-X34)<=0,"N/A",Z34/(10-W34-X34))) | AC34: =IF(W34=0,"",ROUND((V34/W34)*10,0))
A35: Grayson Barnhart | V35: =SUM(B35,D35,F35,H35,J35,L35,N35,P35,R35,T35) | W35: =COUNTIF(C35,"P")+COUNTIF(E35,"P")+COUNTIF(G35,"P")+COUNTIF(I35,"P")+COUNTIF(K35,"P")+COUNTIF(M35,"P")+COUNTIF(O35,"P")+COUNTIF(Q35,"P")+COUNTIF(S35,"P")+COUNTIF(U35,"P") | X35: =COUNTIF(C35,"A")+COUNTIF(E35,"A")+COUNTIF(G35,"A")+COUNTIF(I35,"A")+COUNTIF(K35,"A")+COUNTIF(M35,"A")+COUNTIF(O35,"A")+COUNTIF(Q35,"A")+COUNTIF(S35,"A")+COUNTIF(U35,"A") | Z35: =IF(Y35="","",Y35-V35) | AA35: =IF(OR(Y35="",Y35=0),"",V35/Y35) | AB35: =IF(OR(Y35="",Y35=0),"",IF((10-W35-X35)<=0,"N/A",Z35/(10-W35-X35))) | AC35: =IF(W35=0,"",ROUND((V35/W35)*10,0))
... A38: Jason Bean | V38: =SUM(B38,D38,F38,H38,J38,L38,N38,P38,R38,T38) | W38: =COUNTIF(C38,"P")+COUNTIF(E38,"P")+COUNTIF(G38,"P")+COUNTIF(I38,"P")+COUNTIF(K38,"P")+COUNTIF(M38,"P")+COUNTIF(O38,"P")+COUNTIF(Q38,"P")+COUNTIF(S38,"P")+COUNTIF(U38,"P") | X38: =COUNTIF(C38,"A")+COUNTIF(E38,"A")+COUNTIF(G38,"A")+COUNTIF(I38,"A")+COUNTIF(K38,"A")+COUNTIF(M38,"A")+COUNTIF(O38,"A")+COUNTIF(Q38,"A")+COUNTIF(S38,"A")+COUNTIF(U38,"A") | Z38: =IF(Y38="","",Y38-V38) | AA38: =IF(OR(Y38="",Y38=0),"",V38/Y38) | AB38: =IF(OR(Y38="",Y38=0),"",IF((10-W38-X38)<=0,"N/A",Z38/(10-W38-X38))) | AC38: =IF(W38=0,"",ROUND((V38/W38)*10,0))
A41: Q3 — Quarter 3
A42: Student Name | B42: Sess 1 | C42: Att 1 | D42: Sess 2 | E42: Att 2 | F42: Sess 3 | G42: Att 3 | H42: Sess 4 | I42: Att 4 | J42: Sess 5 | K42: Att 5 | L42: Sess 6 | M42: Att 6 | N42: Sess 7 | O42: Att 7 | P42: Sess 8 | Q42: Att 8 | R42: Sess 9 | S42: Att 9 | T42: Sess 10 | U42: Att 10 | V42: Min Met | W42: Sess Att | X42: Absences | Y42: IEP Req | Z42: Min Remain | AA42: % Complete | AB42: Pace Needed | AC42: Projected
A43: Raya Hightower | V43: =SUM(B43,D43,F43,H43,J43,L43,N43,P43,R43,T43) | W43: =COUNTIF(C43,"P")+COUNTIF(E43,"P")+COUNTIF(G43,"P")+COUNTIF(I43,"P")+COUNTIF(K43,"P")+COUNTIF(M43,"P")+COUNTIF(O43,"P")+COUNTIF(Q43,"P")+COUNTIF(S43,"P")+COUNTIF(U43,"P") | X43: =COUNTIF(C43,"A")+COUNTIF(E43,"A")+COUNTIF(G43,"A")+COUNTIF(I43,"A")+COUNTIF(K43,"A")+COUNTIF(M43,"A")+COUNTIF(O43,"A")+COUNTIF(Q43,"A")+COUNTIF(S43,"A")+COUNTIF(U43,"A") | Z43: =IF(Y43="","",Y43-V43) | AA43: =IF(OR(Y43="",Y43=0),"",V43/Y43) | AB43: =IF(OR(Y43="",Y43=0),"",IF((10-W43-X43)<=0,"N/A",Z43/(10-W43-X43))) | AC43: =IF(W43=0,"",ROUND((V43/W43)*10,0))
A44: Anu Vijay Anand | V44: =SUM(B44,D44,F44,H44,J44,L44,N44,P44,R44,T44) | W44: =COUNTIF(C44,"P")+COUNTIF(E44,"P")+COUNTIF(G44,"P")+COUNTIF(I44,"P")+COUNTIF(K44,"P")+COUNTIF(M44,"P")+COUNTIF(O44,"P")+COUNTIF(Q44,"P")+COUNTIF(S44,"P")+COUNTIF(U44,"P") | X44: =COUNTIF(C44,"A")+COUNTIF(E44,"A")+COUNTIF(G44,"A")+COUNTIF(I44,"A")+COUNTIF(K44,"A")+COUNTIF(M44,"A")+COUNTIF(O44,"A")+COUNTIF(Q44,"A")+COUNTIF(S44,"A")+COUNTIF(U44,"A") | Z44: =IF(Y44="","",Y44-V44) | AA44: =IF(OR(Y44="",Y44=0),"",V44/Y44) | AB44: =IF(OR(Y44="",Y44=0),"",IF((10-W44-X44)<=0,"N/A",Z44/(10-W44-X44))) | AC44: =IF(W44=0,"",ROUND((V44/W44)*10,0))
A45: Aadhya Gone | V45: =SUM(B45,D45,F45,H45,J45,L45,N45,P45,R45,T45) | W45: =COUNTIF(C45,"P")+COUNTIF(E45,"P")+COUNTIF(G45,"P")+COUNTIF(I45,"P")+COUNTIF(K45,"P")+COUNTIF(M45,"P")+COUNTIF(O45,"P")+COUNTIF(Q45,"P")+COUNTIF(S45,"P")+COUNTIF(U45,"P") | X45: =COUNTIF(C45,"A")+COUNTIF(E45,"A")+COUNTIF(G45,"A")+COUNTIF(I45,"A")+COUNTIF(K45,"A")+COUNTIF(M45,"A")+COUNTIF(O45,"A")+COUNTIF(Q45,"A")+COUNTIF(S45,"A")+COUNTIF(U45,"A") | Z45: =IF(Y45="","",Y45-V45) | AA45: =IF(OR(Y45="",Y45=0),"",V45/Y45) | AB45: =IF(OR(Y45="",Y45=0),"",IF((10-W45-X45)<=0,"N/A",Z45/(10-W45-X45))) | AC45: =IF(W45=0,"",ROUND((V45/W45)*10,0))
A46: Sumeyah Khan | V46: =SUM(B46,D46,F46,H46,J46,L46,N46,P46,R46,T46) | W46: =COUNTIF(C46,"P")+COUNTIF(E46,"P")+COUNTIF(G46,"P")+COUNTIF(I46,"P")+COUNTIF(K46,"P")+COUNTIF(M46,"P")+COUNTIF(O46,"P")+COUNTIF(Q46,"P")+COUNTIF(S46,"P")+COUNTIF(U46,"P") | X46: =COUNTIF(C46,"A")+COUNTIF(E46,"A")+COUNTIF(G46,"A")+COUNTIF(I46,"A")+COUNTIF(K46,"A")+COUNTIF(M46,"A")+COUNTIF(O46,"A")+COUNTIF(Q46,"A")+COUNTIF(S46,"A")+COUNTIF(U46,"A") | Z46: =IF(Y46="","",Y46-V46) | AA46: =IF(OR(Y46="",Y46=0),"",V46/Y46) | AB46: =IF(OR(Y46="",Y46=0),"",IF((10-W46-X46)<=0,"N/A",Z46/(10-W46-X46))) | AC46: =IF(W46=0,"",ROUND((V46/W46)*10,0))
A47: Maria Mujeeb | V47: =SUM(B47,D47,F47,H47,J47,L47,N47,P47,R47,T47) | W47: =COUNTIF(C47,"P")+COUNTIF(E47,"P")+COUNTIF(G47,"P")+COUNTIF(I47,"P")+COUNTIF(K47,"P")+COUNTIF(M47,"P")+COUNTIF(O47,"P")+COUNTIF(Q47,"P")+COUNTIF(S47,"P")+COUNTIF(U47,"P") | X47: =COUNTIF(C47,"A")+COUNTIF(E47,"A")+COUNTIF(G47,"A")+COUNTIF(I47,"A")+COUNTIF(K47,"A")+COUNTIF(M47,"A")+COUNTIF(O47,"A")+COUNTIF(Q47,"A")+COUNTIF(S47,"A")+COUNTIF(U47,"A") | Z47: =IF(Y47="","",Y47-V47) | AA47: =IF(OR(Y47="",Y47=0),"",V47/Y47) | AB47: =IF(OR(Y47="",Y47=0),"",IF((10-W47-X47)<=0,"N/A",Z47/(10-W47-X47))) | AC47: =IF(W47=0,"",ROUND((V47/W47)*10,0))
A48: Jace Ratliff | V48: =SUM(B48,D48,F48,H48,J48,L48,N48,P48,R48,T48) | W48: =COUNTIF(C48,"P")+COUNTIF(E48,"P")+COUNTIF(G48,"P")+COUNTIF(I48,"P")+COUNTIF(K48,"P")+COUNTIF(M48,"P")+COUNTIF(O48,"P")+COUNTIF(Q48,"P")+COUNTIF(S48,"P")+COUNTIF(U48,"P") | X48: =COUNTIF(C48,"A")+COUNTIF(E48,"A")+COUNTIF(G48,"A")+COUNTIF(I48,"A")+COUNTIF(K48,"A")+COUNTIF(M48,"A")+COUNTIF(O48,"A")+COUNTIF(Q48,"A")+COUNTIF(S48,"A")+COUNTIF(U48,"A") | Z48: =IF(Y48="","",Y48-V48) | AA48: =IF(OR(Y48="",Y48=0),"",V48/Y48) | AB48: =IF(OR(Y48="",Y48=0),"",IF((10-W48-X48)<=0,"N/A",Z48/(10-W48-X48))) | AC48: =IF(W48=0,"",ROUND((V48/W48)*10,0))
A49: Evan Allen | V49: =SUM(B49,D49,F49,H49,J49,L49,N49,P49,R49,T49) | W49: =COUNTIF(C49,"P")+COUNTIF(E49,"P")+COUNTIF(G49,"P")+COUNTIF(I49,"P")+COUNTIF(K49,"P")+COUNTIF(M49,"P")+COUNTIF(O49,"P")+COUNTIF(Q49,"P")+COUNTIF(S49,"P")+COUNTIF(U49,"P") | X49: =COUNTIF(C49,"A")+COUNTIF(E49,"A")+COUNTIF(G49,"A")+COUNTIF(I49,"A")+COUNTIF(K49,"A")+COUNTIF(M49,"A")+COUNTIF(O49,"A")+COUNTIF(Q49,"A")+COUNTIF(S49,"A")+COUNTIF(U49,"A") | Z49: =IF(Y49="","",Y49-V49) | AA49: =IF(OR(Y49="",Y49=0),"",V49/Y49) | AB49: =IF(OR(Y49="",Y49=0),"",IF((10-W49-X49)<=0,"N/A",Z49/(10-W49-X49))) | AC49: =IF(W49=0,"",ROUND((V49/W49)*10,0))
A50: Sai Neelagiri | V50: =SUM(B50,D50,F50,H50,J50,L50,N50,P50,R50,T50) | W50: =COUNTIF(C50,"P")+COUNTIF(E50,"P")+COUNTIF(G50,"P")+COUNTIF(I50,"P")+COUNTIF(K50,"P")+COUNTIF(M50,"P")+COUNTIF(O50,"P")+COUNTIF(Q50,"P")+COUNTIF(S50,"P")+COUNTIF(U50,"P") | X50: =COUNTIF(C50,"A")+COUNTIF(E50,"A")+COUNTIF(G50,"A")+COUNTIF(I50,"A")+COUNTIF(K50,"A")+COUNTIF(M50,"A")+COUNTIF(O50,"A")+COUNTIF(Q50,"A")+COUNTIF(S50,"A")+COUNTIF(U50,"A") | Z50: =IF(Y50="","",Y50-V50) | AA50: =IF(OR(Y50="",Y50=0),"",V50/Y50) | AB50: =IF(OR(Y50="",Y50=0),"",IF((10-W50-X50)<=0,"N/A",Z50/(10-W50-X50))) | AC50: =IF(W50=0,"",ROUND((V50/W50)*10,0))
A51: Fletcher Meese | V51: =SUM(B51,D51,F51,H51,J51,L51,N51,P51,R51,T51) | W51: =COUNTIF(C51,"P")+COUNTIF(E51,"P")+COUNTIF(G51,"P")+COUNTIF(I51,"P")+COUNTIF(K51,"P")+COUNTIF(M51,"P")+COUNTIF(O51,"P")+COUNTIF(Q51,"P")+COUNTIF(S51,"P")+COUNTIF(U51,"P") | X51: =COUNTIF(C51,"A")+COUNTIF(E51,"A")+COUNTIF(G51,"A")+COUNTIF(I51,"A")+COUNTIF(K51,"A")+COUNTIF(M51,"A")+COUNTIF(O51,"A")+COUNTIF(Q51,"A")+COUNTIF(S51,"A")+COUNTIF(U51,"A") | Z51: =IF(Y51="","",Y51-V51) | AA51: =IF(OR(Y51="",Y51=0),"",V51/Y51) | AB51: =IF(OR(Y51="",Y51=0),"",IF((10-W51-X51)<=0,"N/A",Z51/(10-W51-X51))) | AC51: =IF(W51=0,"",ROUND((V51/W51)*10,0))
A52: Elijah Aldaco | V52: =SUM(B52,D52,F52,H52,J52,L52,N52,P52,R52,T52) | W52: =COUNTIF(C52,"P")+COUNTIF(E52,"P")+COUNTIF(G52,"P")+COUNTIF(I52,"P")+COUNTIF(K52,"P")+COUNTIF(M52,"P")+COUNTIF(O52,"P")+COUNTIF(Q52,"P")+COUNTIF(S52,"P")+COUNTIF(U52,"P") | X52: =COUNTIF(C52,"A")+COUNTIF(E52,"A")+COUNTIF(G52,"A")+COUNTIF(I52,"A")+COUNTIF(K52,"A")+COUNTIF(M52,"A")+COUNTIF(O52,"A")+COUNTIF(Q52,"A")+COUNTIF(S52,"A")+COUNTIF(U52,"A") | Z52: =IF(Y52="","",Y52-V52) | AA52: =IF(OR(Y52="",Y52=0),"",V52/Y52) | AB52: =IF(OR(Y52="",Y52=0),"",IF((10-W52-X52)<=0,"N/A",Z52/(10-W52-X52))) | AC52: =IF(W52=0,"",ROUND((V52/W52)*10,0))
A53: Cain Gutierrez | V53: =SUM(B53,D53,F53,H53,J53,L53,N53,P53,R53,T53) | W53: =COUNTIF(C53,"P")+COUNTIF(E53,"P")+COUNTIF(G53,"P")+COUNTIF(I53,"P")+COUNTIF(K53,"P")+COUNTIF(M53,"P")+COUNTIF(O53,"P")+COUNTIF(Q53,"P")+COUNTIF(S53,"P")+COUNTIF(U53,"P") | X53: =COUNTIF(C53,"A")+COUNTIF(E53,"A")+COUNTIF(G53,"A")+COUNTIF(I53,"A")+COUNTIF(K53,"A")+COUNTIF(M53,"A")+COUNTIF(O53,"A")+COUNTIF(Q53,"A")+COUNTIF(S53,"A")+COUNTIF(U53,"A") | Z53: =IF(Y53="","",Y53-V53) | AA53: =IF(OR(Y53="",Y53=0),"",V53/Y53) | AB53: =IF(OR(Y53="",Y53=0),"",IF((10-W53-X53)<=0,"N/A",Z53/(10-W53-X53))) | AC53: =IF(W53=0,"",ROUND((V53/W53)*10,0))
A54: Grayson Barnhart | V54: =SUM(B54,D54,F54,H54,J54,L54,N54,P54,R54,T54) | W54: =COUNTIF(C54,"P")+COUNTIF(E54,"P")+COUNTIF(G54,"P")+COUNTIF(I54,"P")+COUNTIF(K54,"P")+COUNTIF(M54,"P")+COUNTIF(O54,"P")+COUNTIF(Q54,"P")+COUNTIF(S54,"P")+COUNTIF(U54,"P") | X54: =COUNTIF(C54,"A")+COUNTIF(E54,"A")+COUNTIF(G54,"A")+COUNTIF(I54,"A")+COUNTIF(K54,"A")+COUNTIF(M54,"A")+COUNTIF(O54,"A")+COUNTIF(Q54,"A")+COUNTIF(S54,"A")+COUNTIF(U54,"A") | Z54: =IF(Y54="","",Y54-V54) | AA54: =IF(OR(Y54="",Y54=0),"",V54/Y54) | AB54: =IF(OR(Y54="",Y54=0),"",IF((10-W54-X54)<=0,"N/A",Z54/(10-W54-X54))) | AC54: =IF(W54=0,"",ROUND((V54/W54)*10,0))
... A57: Jason Bean | V57: =SUM(B57,D57,F57,H57,J57,L57,N57,P57,R57,T57) | W57: =COUNTIF(C57,"P")+COUNTIF(E57,"P")+COUNTIF(G57,"P")+COUNTIF(I57,"P")+COUNTIF(K57,"P")+COUNTIF(M57,"P")+COUNTIF(O57,"P")+COUNTIF(Q57,"P")+COUNTIF(S57,"P")+COUNTIF(U57,"P") | X57: =COUNTIF(C57,"A")+COUNTIF(E57,"A")+COUNTIF(G57,"A")+COUNTIF(I57,"A")+COUNTIF(K57,"A")+COUNTIF(M57,"A")+COUNTIF(O57,"A")+COUNTIF(Q57,"A")+COUNTIF(S57,"A")+COUNTIF(U57,"A") | Z57: =IF(Y57="","",Y57-V57) | AA57: =IF(OR(Y57="",Y57=0),"",V57/Y57) | AB57: =IF(OR(Y57="",Y57=0),"",IF((10-W57-X57)<=0,"N/A",Z57/(10-W57-X57))) | AC57: =IF(W57=0,"",ROUND((V57/W57)*10,0))
A60: Q4 — Quarter 4
A61: Student Name | B61: Sess 1 | C61: Att 1 | D61: Sess 2 | E61: Att 2 | F61: Sess 3 | G61: Att 3 | H61: Sess 4 | I61: Att 4 | J61: Sess 5 | K61: Att 5 | L61: Sess 6 | M61: Att 6 | N61: Sess 7 | O61: Att 7 | P61: Sess 8 | Q61: Att 8 | R61: Sess 9 | S61: Att 9 | T61: Sess 10 | U61: Att 10 | V61: Min Met | W61: Sess Att | X61: Absences | Y61: IEP Req | Z61: Min Remain | AA61: % Complete | AB61: Pace Needed | AC61: Projected
A62: Raya Hightower | V62: =SUM(B62,D62,F62,H62,J62,L62,N62,P62,R62,T62) | W62: =COUNTIF(C62,"P")+COUNTIF(E62,"P")+COUNTIF(G62,"P")+COUNTIF(I62,"P")+COUNTIF(K62,"P")+COUNTIF(M62,"P")+COUNTIF(O62,"P")+COUNTIF(Q62,"P")+COUNTIF(S62,"P")+COUNTIF(U62,"P") | X62: =COUNTIF(C62,"A")+COUNTIF(E62,"A")+COUNTIF(G62,"A")+COUNTIF(I62,"A")+COUNTIF(K62,"A")+COUNTIF(M62,"A")+COUNTIF(O62,"A")+COUNTIF(Q62,"A")+COUNTIF(S62,"A")+COUNTIF(U62,"A") | Z62: =IF(Y62="","",Y62-V62) | AA62: =IF(OR(Y62="",Y62=0),"",V62/Y62) | AB62: =IF(OR(Y62="",Y62=0),"",IF((10-W62-X62)<=0,"N/A",Z62/(10-W62-X62))) | AC62: =IF(W62=0,"",ROUND((V62/W62)*10,0))
A63: Anu Vijay Anand | V63: =SUM(B63,D63,F63,H63,J63,L63,N63,P63,R63,T63) | W63: =COUNTIF(C63,"P")+COUNTIF(E63,"P")+COUNTIF(G63,"P")+COUNTIF(I63,"P")+COUNTIF(K63,"P")+COUNTIF(M63,"P")+COUNTIF(O63,"P")+COUNTIF(Q63,"P")+COUNTIF(S63,"P")+COUNTIF(U63,"P") | X63: =COUNTIF(C63,"A")+COUNTIF(E63,"A")+COUNTIF(G63,"A")+COUNTIF(I63,"A")+COUNTIF(K63,"A")+COUNTIF(M63,"A")+COUNTIF(O63,"A")+COUNTIF(Q63,"A")+COUNTIF(S63,"A")+COUNTIF(U63,"A") | Z63: =IF(Y63="","",Y63-V63) | AA63: =IF(OR(Y63="",Y63=0),"",V63/Y63) | AB63: =IF(OR(Y63="",Y63=0),"",IF((10-W63-X63)<=0,"N/A",Z63/(10-W63-X63))) | AC63: =IF(W63=0,"",ROUND((V63/W63)*10,0))
A64: Aadhya Gone | V64: =SUM(B64,D64,F64,H64,J64,L64,N64,P64,R64,T64) | W64: =COUNTIF(C64,"P")+COUNTIF(E64,"P")+COUNTIF(G64,"P")+COUNTIF(I64,"P")+COUNTIF(K64,"P")+COUNTIF(M64,"P")+COUNTIF(O64,"P")+COUNTIF(Q64,"P")+COUNTIF(S64,"P")+COUNTIF(U64,"P") | X64: =COUNTIF(C64,"A")+COUNTIF(E64,"A")+COUNTIF(G64,"A")+COUNTIF(I64,"A")+COUNTIF(K64,"A")+COUNTIF(M64,"A")+COUNTIF(O64,"A")+COUNTIF(Q64,"A")+COUNTIF(S64,"A")+COUNTIF(U64,"A") | Z64: =IF(Y64="","",Y64-V64) | AA64: =IF(OR(Y64="",Y64=0),"",V64/Y64) | AB64: =IF(OR(Y64="",Y64=0),"",IF((10-W64-X64)<=0,"N/A",Z64/(10-W64-X64))) | AC64: =IF(W64=0,"",ROUND((V64/W64)*10,0))
A65: Sumeyah Khan | V65: =SUM(B65,D65,F65,H65,J65,L65,N65,P65,R65,T65) | W65: =COUNTIF(C65,"P")+COUNTIF(E65,"P")+COUNTIF(G65,"P")+COUNTIF(I65,"P")+COUNTIF(K65,"P")+COUNTIF(M65,"P")+COUNTIF(O65,"P")+COUNTIF(Q65,"P")+COUNTIF(S65,"P")+COUNTIF(U65,"P") | X65: =COUNTIF(C65,"A")+COUNTIF(E65,"A")+COUNTIF(G65,"A")+COUNTIF(I65,"A")+COUNTIF(K65,"A")+COUNTIF(M65,"A")+COUNTIF(O65,"A")+COUNTIF(Q65,"A")+COUNTIF(S65,"A")+COUNTIF(U65,"A") | Z65: =IF(Y65="","",Y65-V65) | AA65: =IF(OR(Y65="",Y65=0),"",V65/Y65) | AB65: =IF(OR(Y65="",Y65=0),"",IF((10-W65-X65)<=0,"N/A",Z65/(10-W65-X65))) | AC65: =IF(W65=0,"",ROUND((V65/W65)*10,0))
A66: Maria Mujeeb | V66: =SUM(B66,D66,F66,H66,J66,L66,N66,P66,R66,T66) | W66: =COUNTIF(C66,"P")+COUNTIF(E66,"P")+COUNTIF(G66,"P")+COUNTIF(I66,"P")+COUNTIF(K66,"P")+COUNTIF(M66,"P")+COUNTIF(O66,"P")+COUNTIF(Q66,"P")+COUNTIF(S66,"P")+COUNTIF(U66,"P") | X66: =COUNTIF(C66,"A")+COUNTIF(E66,"A")+COUNTIF(G66,"A")+COUNTIF(I66,"A")+COUNTIF(K66,"A")+COUNTIF(M66,"A")+COUNTIF(O66,"A")+COUNTIF(Q66,"A")+COUNTIF(S66,"A")+COUNTIF(U66,"A") | Z66: =IF(Y66="","",Y66-V66) | AA66: =IF(OR(Y66="",Y66=0),"",V66/Y66) | AB66: =IF(OR(Y66="",Y66=0),"",IF((10-W66-X66)<=0,"N/A",Z66/(10-W66-X66))) | AC66: =IF(W66=0,"",ROUND((V66/W66)*10,0))
A67: Jace Ratliff | V67: =SUM(B67,D67,F67,H67,J67,L67,N67,P67,R67,T67) | W67: =COUNTIF(C67,"P")+COUNTIF(E67,"P")+COUNTIF(G67,"P")+COUNTIF(I67,"P")+COUNTIF(K67,"P")+COUNTIF(M67,"P")+COUNTIF(O67,"P")+COUNTIF(Q67,"P")+COUNTIF(S67,"P")+COUNTIF(U67,"P") | X67: =COUNTIF(C67,"A")+COUNTIF(E67,"A")+COUNTIF(G67,"A")+COUNTIF(I67,"A")+COUNTIF(K67,"A")+COUNTIF(M67,"A")+COUNTIF(O67,"A")+COUNTIF(Q67,"A")+COUNTIF(S67,"A")+COUNTIF(U67,"A") | Z67: =IF(Y67="","",Y67-V67) | AA67: =IF(OR(Y67="",Y67=0),"",V67/Y67) | AB67: =IF(OR(Y67="",Y67=0),"",IF((10-W67-X67)<=0,"N/A",Z67/(10-W67-X67))) | AC67: =IF(W67=0,"",ROUND((V67/W67)*10,0))
A68: Evan Allen | V68: =SUM(B68,D68,F68,H68,J68,L68,N68,P68,R68,T68) | W68: =COUNTIF(C68,"P")+COUNTIF(E68,"P")+COUNTIF(G68,"P")+COUNTIF(I68,"P")+COUNTIF(K68,"P")+COUNTIF(M68,"P")+COUNTIF(O68,"P")+COUNTIF(Q68,"P")+COUNTIF(S68,"P")+COUNTIF(U68,"P") | X68: =COUNTIF(C68,"A")+COUNTIF(E68,"A")+COUNTIF(G68,"A")+COUNTIF(I68,"A")+COUNTIF(K68,"A")+COUNTIF(M68,"A")+COUNTIF(O68,"A")+COUNTIF(Q68,"A")+COUNTIF(S68,"A")+COUNTIF(U68,"A") | Z68: =IF(Y68="","",Y68-V68) | AA68: =IF(OR(Y68="",Y68=0),"",V68/Y68) | AB68: =IF(OR(Y68="",Y68=0),"",IF((10-W68-X68)<=0,"N/A",Z68/(10-W68-X68))) | AC68: =IF(W68=0,"",ROUND((V68/W68)*10,0))
A69: Sai Neelagiri | V69: =SUM(B69,D69,F69,H69,J69,L69,N69,P69,R69,T69) | W69: =COUNTIF(C69,"P")+COUNTIF(E69,"P")+COUNTIF(G69,"P")+COUNTIF(I69,"P")+COUNTIF(K69,"P")+COUNTIF(M69,"P")+COUNTIF(O69,"P")+COUNTIF(Q69,"P")+COUNTIF(S69,"P")+COUNTIF(U69,"P") | X69: =COUNTIF(C69,"A")+COUNTIF(E69,"A")+COUNTIF(G69,"A")+COUNTIF(I69,"A")+COUNTIF(K69,"A")+COUNTIF(M69,"A")+COUNTIF(O69,"A")+COUNTIF(Q69,"A")+COUNTIF(S69,"A")+COUNTIF(U69,"A") | Z69: =IF(Y69="","",Y69-V69) | AA69: =IF(OR(Y69="",Y69=0),"",V69/Y69) | AB69: =IF(OR(Y69="",Y69=0),"",IF((10-W69-X69)<=0,"N/A",Z69/(10-W69-X69))) | AC69: =IF(W69=0,"",ROUND((V69/W69)*10,0))
A70: Fletcher Meese | V70: =SUM(B70,D70,F70,H70,J70,L70,N70,P70,R70,T70) | W70: =COUNTIF(C70,"P")+COUNTIF(E70,"P")+COUNTIF(G70,"P")+COUNTIF(I70,"P")+COUNTIF(K70,"P")+COUNTIF(M70,"P")+COUNTIF(O70,"P")+COUNTIF(Q70,"P")+COUNTIF(S70,"P")+COUNTIF(U70,"P") | X70: =COUNTIF(C70,"A")+COUNTIF(E70,"A")+COUNTIF(G70,"A")+COUNTIF(I70,"A")+COUNTIF(K70,"A")+COUNTIF(M70,"A")+COUNTIF(O70,"A")+COUNTIF(Q70,"A")+COUNTIF(S70,"A")+COUNTIF(U70,"A") | Z70: =IF(Y70="","",Y70-V70) | AA70: =IF(OR(Y70="",Y70=0),"",V70/Y70) | AB70: =IF(OR(Y70="",Y70=0),"",IF((10-W70-X70)<=0,"N/A",Z70/(10-W70-X70))) | AC70: =IF(W70=0,"",ROUND((V70/W70)*10,0))
A71: Elijah Aldaco | V71: =SUM(B71,D71,F71,H71,J71,L71,N71,P71,R71,T71) | W71: =COUNTIF(C71,"P")+COUNTIF(E71,"P")+COUNTIF(G71,"P")+COUNTIF(I71,"P")+COUNTIF(K71,"P")+COUNTIF(M71,"P")+COUNTIF(O71,"P")+COUNTIF(Q71,"P")+COUNTIF(S71,"P")+COUNTIF(U71,"P") | X71: =COUNTIF(C71,"A")+COUNTIF(E71,"A")+COUNTIF(G71,"A")+COUNTIF(I71,"A")+COUNTIF(K71,"A")+COUNTIF(M71,"A")+COUNTIF(O71,"A")+COUNTIF(Q71,"A")+COUNTIF(S71,"A")+COUNTIF(U71,"A") | Z71: =IF(Y71="","",Y71-V71) | AA71: =IF(OR(Y71="",Y71=0),"",V71/Y71) | AB71: =IF(OR(Y71="",Y71=0),"",IF((10-W71-X71)<=0,"N/A",Z71/(10-W71-X71))) | AC71: =IF(W71=0,"",ROUND((V71/W71)*10,0))
A72: Cain Gutierrez | V72: =SUM(B72,D72,F72,H72,J72,L72,N72,P72,R72,T72) | W72: =COUNTIF(C72,"P")+COUNTIF(E72,"P")+COUNTIF(G72,"P")+COUNTIF(I72,"P")+COUNTIF(K72,"P")+COUNTIF(M72,"P")+COUNTIF(O72,"P")+COUNTIF(Q72,"P")+COUNTIF(S72,"P")+COUNTIF(U72,"P") | X72: =COUNTIF(C72,"A")+COUNTIF(E72,"A")+COUNTIF(G72,"A")+COUNTIF(I72,"A")+COUNTIF(K72,"A")+COUNTIF(M72,"A")+COUNTIF(O72,"A")+COUNTIF(Q72,"A")+COUNTIF(S72,"A")+COUNTIF(U72,"A") | Z72: =IF(Y72="","",Y72-V72) | AA72: =IF(OR(Y72="",Y72=0),"",V72/Y72) | AB72: =IF(OR(Y72="",Y72=0),"",IF((10-W72-X72)<=0,"N/A",Z72/(10-W72-X72))) | AC72: =IF(W72=0,"",ROUND((V72/W72)*10,0))
A73: Grayson Barnhart | V73: =SUM(B73,D73,F73,H73,J73,L73,N73,P73,R73,T73) | W73: =COUNTIF(C73,"P")+COUNTIF(E73,"P")+COUNTIF(G73,"P")+COUNTIF(I73,"P")+COUNTIF(K73,"P")+COUNTIF(M73,"P")+COUNTIF(O73,"P")+COUNTIF(Q73,"P")+COUNTIF(S73,"P")+COUNTIF(U73,"P") | X73: =COUNTIF(C73,"A")+COUNTIF(E73,"A")+COUNTIF(G73,"A")+COUNTIF(I73,"A")+COUNTIF(K73,"A")+COUNTIF(M73,"A")+COUNTIF(O73,"A")+COUNTIF(Q73,"A")+COUNTIF(S73,"A")+COUNTIF(U73,"A") | Z73: =IF(Y73="","",Y73-V73) | AA73: =IF(OR(Y73="",Y73=0),"",V73/Y73) | AB73: =IF(OR(Y73="",Y73=0),"",IF((10-W73-X73)<=0,"N/A",Z73/(10-W73-X73))) | AC73: =IF(W73=0,"",ROUND((V73/W73)*10,0))
... A76: Jason Bean | V76: =SUM(B76,D76,F76,H76,J76,L76,N76,P76,R76,T76) | W76: =COUNTIF(C76,"P")+COUNTIF(E76,"P")+COUNTIF(G76,"P")+COUNTIF(I76,"P")+COUNTIF(K76,"P")+COUNTIF(M76,"P")+COUNTIF(O76,"P")+COUNTIF(Q76,"P")+COUNTIF(S76,"P")+COUNTIF(U76,"P") | X76: =COUNTIF(C76,"A")+COUNTIF(E76,"A")+COUNTIF(G76,"A")+COUNTIF(I76,"A")+COUNTIF(K76,"A")+COUNTIF(M76,"A")+COUNTIF(O76,"A")+COUNTIF(Q76,"A")+COUNTIF(S76,"A")+COUNTIF(U76,"A") | Z76: =IF(Y76="","",Y76-V76) | AA76: =IF(OR(Y76="",Y76=0),"",V76/Y76) | AB76: =IF(OR(Y76="",Y76=0),"",IF((10-W76-X76)<=0,"N/A",Z76/(10-W76-X76))) | AC76: =IF(W76=0,"",ROUND((V76/W76)*10,0))

Sheet OT
A1: OT — SPED Minute Tracker
A3: Q1 — Quarter 1
A4: Student Name | B4: Sess 1 | C4: Att 1 | D4: Sess 2 | E4: Att 2 | F4: Sess 3 | G4: Att 3 | H4: Sess 4 | I4: Att 4 | J4: Sess 5 | K4: Att 5 | L4: Sess 6 | M4: Att 6 | N4: Sess 7 | O4: Att 7 | P4: Sess 8 | Q4: Att 8 | R4: Sess 9 | S4: Att 9 | T4: Sess 10 | U4: Att 10 | V4: Min Met | W4: Sess Att | X4: Absences | Y4: IEP Req | Z4: Min Remain | AA4: % Complete | AB4: Pace Needed | AC4: Projected
A5: Raya Hightower | V5: =SUM(B5,D5,F5,H5,J5,L5,N5,P5,R5,T5) | W5: =COUNTIF(C5,"P")+COUNTIF(E5,"P")+COUNTIF(G5,"P")+COUNTIF(I5,"P")+COUNTIF(K5,"P")+COUNTIF(M5,"P")+COUNTIF(O5,"P")+COUNTIF(Q5,"P")+COUNTIF(S5,"P")+COUNTIF(U5,"P") | X5: =COUNTIF(C5,"A")+COUNTIF(E5,"A")+COUNTIF(G5,"A")+COUNTIF(I5,"A")+COUNTIF(K5,"A")+COUNTIF(M5,"A")+COUNTIF(O5,"A")+COUNTIF(Q5,"A")+COUNTIF(S5,"A")+COUNTIF(U5,"A") | Z5: =IF(Y5="","",Y5-V5) | AA5: =IF(OR(Y5="",Y5=0),"",V5/Y5) | AB5: =IF(OR(Y5="",Y5=0),"",IF((10-W5-X5)<=0,"N/A",Z5/(10-W5-X5))) | AC5: =IF(W5=0,"",ROUND((V5/W5)*10,0))
A6: Anu Vijay Anand | V6: =SUM(B6,D6,F6,H6,J6,L6,N6,P6,R6,T6) | W6: =COUNTIF(C6,"P")+COUNTIF(E6,"P")+COUNTIF(G6,"P")+COUNTIF(I6,"P")+COUNTIF(K6,"P")+COUNTIF(M6,"P")+COUNTIF(O6,"P")+COUNTIF(Q6,"P")+COUNTIF(S6,"P")+COUNTIF(U6,"P") | X6: =COUNTIF(C6,"A")+COUNTIF(E6,"A")+COUNTIF(G6,"A")+COUNTIF(I6,"A")+COUNTIF(K6,"A")+COUNTIF(M6,"A")+COUNTIF(O6,"A")+COUNTIF(Q6,"A")+COUNTIF(S6,"A")+COUNTIF(U6,"A") | Z6: =IF(Y6="","",Y6-V6) | AA6: =IF(OR(Y6="",Y6=0),"",V6/Y6) | AB6: =IF(OR(Y6="",Y6=0),"",IF((10-W6-X6)<=0,"N/A",Z6/(10-W6-X6))) | AC6: =IF(W6=0,"",ROUND((V6/W6)*10,0))
A7: Aadhya Gone | V7: =SUM(B7,D7,F7,H7,J7,L7,N7,P7,R7,T7) | W7: =COUNTIF(C7,"P")+COUNTIF(E7,"P")+COUNTIF(G7,"P")+COUNTIF(I7,"P")+COUNTIF(K7,"P")+COUNTIF(M7,"P")+COUNTIF(O7,"P")+COUNTIF(Q7,"P")+COUNTIF(S7,"P")+COUNTIF(U7,"P") | X7: =COUNTIF(C7,"A")+COUNTIF(E7,"A")+COUNTIF(G7,"A")+COUNTIF(I7,"A")+COUNTIF(K7,"A")+COUNTIF(M7,"A")+COUNTIF(O7,"A")+COUNTIF(Q7,"A")+COUNTIF(S7,"A")+COUNTIF(U7,"A") | Z7: =IF(Y7="","",Y7-V7) | AA7: =IF(OR(Y7="",Y7=0),"",V7/Y7) | AB7: =IF(OR(Y7="",Y7=0),"",IF((10-W7-X7)<=0,"N/A",Z7/(10-W7-X7))) | AC7: =IF(W7=0,"",ROUND((V7/W7)*10,0))
A8: Sumeyah Khan | V8: =SUM(B8,D8,F8,H8,J8,L8,N8,P8,R8,T8) | W8: =COUNTIF(C8,"P")+COUNTIF(E8,"P")+COUNTIF(G8,"P")+COUNTIF(I8,"P")+COUNTIF(K8,"P")+COUNTIF(M8,"P")+COUNTIF(O8,"P")+COUNTIF(Q8,"P")+COUNTIF(S8,"P")+COUNTIF(U8,"P") | X8: =COUNTIF(C8,"A")+COUNTIF(E8,"A")+COUNTIF(G8,"A")+COUNTIF(I8,"A")+COUNTIF(K8,"A")+COUNTIF(M8,"A")+COUNTIF(O8,"A")+COUNTIF(Q8,"A")+COUNTIF(S8,"A")+COUNTIF(U8,"A") | Z8: =IF(Y8="","",Y8-V8) | AA8: =IF(OR(Y8="",Y8=0),"",V8/Y8) | AB8: =IF(OR(Y8="",Y8=0),"",IF((10-W8-X8)<=0,"N/A",Z8/(10-W8-X8))) | AC8: =IF(W8=0,"",ROUND((V8/W8)*10,0))
A9: Maria Mujeeb | V9: =SUM(B9,D9,F9,H9,J9,L9,N9,P9,R9,T9) | W9: =COUNTIF(C9,"P")+COUNTIF(E9,"P")+COUNTIF(G9,"P")+COUNTIF(I9,"P")+COUNTIF(K9,"P")+COUNTIF(M9,"P")+COUNTIF(O9,"P")+COUNTIF(Q9,"P")+COUNTIF(S9,"P")+COUNTIF(U9,"P") | X9: =COUNTIF(C9,"A")+COUNTIF(E9,"A")+COUNTIF(G9,"A")+COUNTIF(I9,"A")+COUNTIF(K9,"A")+COUNTIF(M9,"A")+COUNTIF(O9,"A")+COUNTIF(Q9,"A")+COUNTIF(S9,"A")+COUNTIF(U9,"A") | Z9: =IF(Y9="","",Y9-V9) | AA9: =IF(OR(Y9="",Y9=0),"",V9/Y9) | AB9: =IF(OR(Y9="",Y9=0),"",IF((10-W9-X9)<=0,"N/A",Z9/(10-W9-X9))) | AC9: =IF(W9=0,"",ROUND((V9/W9)*10,0))
A10: Jace Ratliff | V10: =SUM(B10,D10,F10,H10,J10,L10,N10,P10,R10,T10) | W10: =COUNTIF(C10,"P")+COUNTIF(E10,"P")+COUNTIF(G10,"P")+COUNTIF(I10,"P")+COUNTIF(K10,"P")+COUNTIF(M10,"P")+COUNTIF(O10,"P")+COUNTIF(Q10,"P")+COUNTIF(S10,"P")+COUNTIF(U10,"P") | X10: =COUNTIF(C10,"A")+COUNTIF(E10,"A")+COUNTIF(G10,"A")+COUNTIF(I10,"A")+COUNTIF(K10,"A")+COUNTIF(M10,"A")+COUNTIF(O10,"A")+COUNTIF(Q10,"A")+COUNTIF(S10,"A")+COUNTIF(U10,"A") | Z10: =IF(Y10="","",Y10-V10) | AA10: =IF(OR(Y10="",Y10=0),"",V10/Y10) | AB10: =IF(OR(Y10="",Y10=0),"",IF((10-W10-X10)<=0,"N/A",Z10/(10-W10-X10))) | AC10: =IF(W10=0,"",ROUND((V10/W10)*10,0))
A11: Evan Allen | V11: =SUM(B11,D11,F11,H11,J11,L11,N11,P11,R11,T11) | W11: =COUNTIF(C11,"P")+COUNTIF(E11,"P")+COUNTIF(G11,"P")+COUNTIF(I11,"P")+COUNTIF(K11,"P")+COUNTIF(M11,"P")+COUNTIF(O11,"P")+COUNTIF(Q11,"P")+COUNTIF(S11,"P")+COUNTIF(U11,"P") | X11: =COUNTIF(C11,"A")+COUNTIF(E11,"A")+COUNTIF(G11,"A")+COUNTIF(I11,"A")+COUNTIF(K11,"A")+COUNTIF(M11,"A")+COUNTIF(O11,"A")+COUNTIF(Q11,"A")+COUNTIF(S11,"A")+COUNTIF(U11,"A") | Z11: =IF(Y11="","",Y11-V11) | AA11: =IF(OR(Y11="",Y11=0),"",V11/Y11) | AB11: =IF(OR(Y11="",Y11=0),"",IF((10-W11-X11)<=0,"N/A",Z11/(10-W11-X11))) | AC11: =IF(W11=0,"",ROUND((V11/W11)*10,0))
A12: Sai Neelagiri | V12: =SUM(B12,D12,F12,H12,J12,L12,N12,P12,R12,T12) | W12: =COUNTIF(C12,"P")+COUNTIF(E12,"P")+COUNTIF(G12,"P")+COUNTIF(I12,"P")+COUNTIF(K12,"P")+COUNTIF(M12,"P")+COUNTIF(O12,"P")+COUNTIF(Q12,"P")+COUNTIF(S12,"P")+COUNTIF(U12,"P") | X12: =COUNTIF(C12,"A")+COUNTIF(E12,"A")+COUNTIF(G12,"A")+COUNTIF(I12,"A")+COUNTIF(K12,"A")+COUNTIF(M12,"A")+COUNTIF(O12,"A")+COUNTIF(Q12,"A")+COUNTIF(S12,"A")+COUNTIF(U12,"A") | Z12: =IF(Y12="","",Y12-V12) | AA12: =IF(OR(Y12="",Y12=0),"",V12/Y12) | AB12: =IF(OR(Y12="",Y12=0),"",IF((10-W12-X12)<=0,"N/A",Z12/(10-W12-X12))) | AC12: =IF(W12=0,"",ROUND((V12/W12)*10,0))
A13: Fletcher Meese | V13: =SUM(B13,D13,F13,H13,J13,L13,N13,P13,R13,T13) | W13: =COUNTIF(C13,"P")+COUNTIF(E13,"P")+COUNTIF(G13,"P")+COUNTIF(I13,"P")+COUNTIF(K13,"P")+COUNTIF(M13,"P")+COUNTIF(O13,"P")+COUNTIF(Q13,"P")+COUNTIF(S13,"P")+COUNTIF(U13,"P") | X13: =COUNTIF(C13,"A")+COUNTIF(E13,"A")+COUNTIF(G13,"A")+COUNTIF(I13,"A")+COUNTIF(K13,"A")+COUNTIF(M13,"A")+COUNTIF(O13,"A")+COUNTIF(Q13,"A")+COUNTIF(S13,"A")+COUNTIF(U13,"A") | Z13: =IF(Y13="","",Y13-V13) | AA13: =IF(OR(Y13="",Y13=0),"",V13/Y13) | AB13: =IF(OR(Y13="",Y13=0),"",IF((10-W13-X13)<=0,"N/A",Z13/(10-W13-X13))) | AC13: =IF(W13=0,"",ROUND((V13/W13)*10,0))
A14: Elijah Aldaco | V14: =SUM(B14,D14,F14,H14,J14,L14,N14,P14,R14,T14) | W14: =COUNTIF(C14,"P")+COUNTIF(E14,"P")+COUNTIF(G14,"P")+COUNTIF(I14,"P")+COUNTIF(K14,"P")+COUNTIF(M14,"P")+COUNTIF(O14,"P")+COUNTIF(Q14,"P")+COUNTIF(S14,"P")+COUNTIF(U14,"P") | X14: =COUNTIF(C14,"A")+COUNTIF(E14,"A")+COUNTIF(G14,"A")+COUNTIF(I14,"A")+COUNTIF(K14,"A")+COUNTIF(M14,"A")+COUNTIF(O14,"A")+COUNTIF(Q14,"A")+COUNTIF(S14,"A")+COUNTIF(U14,"A") | Z14: =IF(Y14="","",Y14-V14) | AA14: =IF(OR(Y14="",Y14=0),"",V14/Y14) | AB14: =IF(OR(Y14="",Y14=0),"",IF((10-W14-X14)<=0,"N/A",Z14/(10-W14-X14))) | AC14: =IF(W14=0,"",ROUND((V14/W14)*10,0))
A15: Cain Gutierrez | V15: =SUM(B15,D15,F15,H15,J15,L15,N15,P15,R15,T15) | W15: =COUNTIF(C15,"P")+COUNTIF(E15,"P")+COUNTIF(G15,"P")+COUNTIF(I15,"P")+COUNTIF(K15,"P")+COUNTIF(M15,"P")+COUNTIF(O15,"P")+COUNTIF(Q15,"P")+COUNTIF(S15,"P")+COUNTIF(U15,"P") | X15: =COUNTIF(C15,"A")+COUNTIF(E15,"A")+COUNTIF(G15,"A")+COUNTIF(I15,"A")+COUNTIF(K15,"A")+COUNTIF(M15,"A")+COUNTIF(O15,"A")+COUNTIF(Q15,"A")+COUNTIF(S15,"A")+COUNTIF(U15,"A") | Z15: =IF(Y15="","",Y15-V15) | AA15: =IF(OR(Y15="",Y15=0),"",V15/Y15) | AB15: =IF(OR(Y15="",Y15=0),"",IF((10-W15-X15)<=0,"N/A",Z15/(10-W15-X15))) | AC15: =IF(W15=0,"",ROUND((V15/W15)*10,0))
A16: Grayson Barnhart | V16: =SUM(B16,D16,F16,H16,J16,L16,N16,P16,R16,T16) | W16: =COUNTIF(C16,"P")+COUNTIF(E16,"P")+COUNTIF(G16,"P")+COUNTIF(I16,"P")+COUNTIF(K16,"P")+COUNTIF(M16,"P")+COUNTIF(O16,"P")+COUNTIF(Q16,"P")+COUNTIF(S16,"P")+COUNTIF(U16,"P") | X16: =COUNTIF(C16,"A")+COUNTIF(E16,"A")+COUNTIF(G16,"A")+COUNTIF(I16,"A")+COUNTIF(K16,"A")+COUNTIF(M16,"A")+COUNTIF(O16,"A")+COUNTIF(Q16,"A")+COUNTIF(S16,"A")+COUNTIF(U16,"A") | Z16: =IF(Y16="","",Y16-V16) | AA16: =IF(OR(Y16="",Y16=0),"",V16/Y16) | AB16: =IF(OR(Y16="",Y16=0),"",IF((10-W16-X16)<=0,"N/A",Z16/(10-W16-X16))) | AC16: =IF(W16=0,"",ROUND((V16/W16)*10,0))
... A19: Jason Bean | V19: =SUM(B19,D19,F19,H19,J19,L19,N19,P19,R19,T19) | W19: =COUNTIF(C19,"P")+COUNTIF(E19,"P")+COUNTIF(G19,"P")+COUNTIF(I19,"P")+COUNTIF(K19,"P")+COUNTIF(M19,"P")+COUNTIF(O19,"P")+COUNTIF(Q19,"P")+COUNTIF(S19,"P")+COUNTIF(U19,"P") | X19: =COUNTIF(C19,"A")+COUNTIF(E19,"A")+COUNTIF(G19,"A")+COUNTIF(I19,"A")+COUNTIF(K19,"A")+COUNTIF(M19,"A")+COUNTIF(O19,"A")+COUNTIF(Q19,"A")+COUNTIF(S19,"A")+COUNTIF(U19,"A") | Z19: =IF(Y19="","",Y19-V19) | AA19: =IF(OR(Y19="",Y19=0),"",V19/Y19) | AB19: =IF(OR(Y19="",Y19=0),"",IF((10-W19-X19)<=0,"N/A",Z19/(10-W19-X19))) | AC19: =IF(W19=0,"",ROUND((V19/W19)*10,0))
A22: Q2 — Quarter 2
A23: Student Name | B23: Sess 1 | C23: Att 1 | D23: Sess 2 | E23: Att 2 | F23: Sess 3 | G23: Att 3 | H23: Sess 4 | I23: Att 4 | J23: Sess 5 | K23: Att 5 | L23: Sess 6 | M23: Att 6 | N23: Sess 7 | O23: Att 7 | P23: Sess 8 | Q23: Att 8 | R23: Sess 9 | S23: Att 9 | T23: Sess 10 | U23: Att 10 | V23: Min Met | W23: Sess Att | X23: Absences | Y23: IEP Req | Z23: Min Remain | AA23: % Complete | AB23: Pace Needed | AC23: Projected
A24: Raya Hightower | V24: =SUM(B24,D24,F24,H24,J24,L24,N24,P24,R24,T24) | W24: =COUNTIF(C24,"P")+COUNTIF(E24,"P")+COUNTIF(G24,"P")+COUNTIF(I24,"P")+COUNTIF(K24,"P")+COUNTIF(M24,"P")+COUNTIF(O24,"P")+COUNTIF(Q24,"P")+COUNTIF(S24,"P")+COUNTIF(U24,"P") | X24: =COUNTIF(C24,"A")+COUNTIF(E24,"A")+COUNTIF(G24,"A")+COUNTIF(I24,"A")+COUNTIF(K24,"A")+COUNTIF(M24,"A")+COUNTIF(O24,"A")+COUNTIF(Q24,"A")+COUNTIF(S24,"A")+COUNTIF(U24,"A") | Z24: =IF(Y24="","",Y24-V24) | AA24: =IF(OR(Y24="",Y24=0),"",V24/Y24) | AB24: =IF(OR(Y24="",Y24=0),"",IF((10-W24-X24)<=0,"N/A",Z24/(10-W24-X24))) | AC24: =IF(W24=0,"",ROUND((V24/W24)*10,0))
A25: Anu Vijay Anand | V25: =SUM(B25,D25,F25,H25,J25,L25,N25,P25,R25,T25) | W25: =COUNTIF(C25,"P")+COUNTIF(E25,"P")+COUNTIF(G25,"P")+COUNTIF(I25,"P")+COUNTIF(K25,"P")+COUNTIF(M25,"P")+COUNTIF(O25,"P")+COUNTIF(Q25,"P")+COUNTIF(S25,"P")+COUNTIF(U25,"P") | X25: =COUNTIF(C25,"A")+COUNTIF(E25,"A")+COUNTIF(G25,"A")+COUNTIF(I25,"A")+COUNTIF(K25,"A")+COUNTIF(M25,"A")+COUNTIF(O25,"A")+COUNTIF(Q25,"A")+COUNTIF(S25,"A")+COUNTIF(U25,"A") | Z25: =IF(Y25="","",Y25-V25) | AA25: =IF(OR(Y25="",Y25=0),"",V25/Y25) | AB25: =IF(OR(Y25="",Y25=0),"",IF((10-W25-X25)<=0,"N/A",Z25/(10-W25-X25))) | AC25: =IF(W25=0,"",ROUND((V25/W25)*10,0))
A26: Aadhya Gone | V26: =SUM(B26,D26,F26,H26,J26,L26,N26,P26,R26,T26) | W26: =COUNTIF(C26,"P")+COUNTIF(E26,"P")+COUNTIF(G26,"P")+COUNTIF(I26,"P")+COUNTIF(K26,"P")+COUNTIF(M26,"P")+COUNTIF(O26,"P")+COUNTIF(Q26,"P")+COUNTIF(S26,"P")+COUNTIF(U26,"P") | X26: =COUNTIF(C26,"A")+COUNTIF(E26,"A")+COUNTIF(G26,"A")+COUNTIF(I26,"A")+COUNTIF(K26,"A")+COUNTIF(M26,"A")+COUNTIF(O26,"A")+COUNTIF(Q26,"A")+COUNTIF(S26,"A")+COUNTIF(U26,"A") | Z26: =IF(Y26="","",Y26-V26) | AA26: =IF(OR(Y26="",Y26=0),"",V26/Y26) | AB26: =IF(OR(Y26="",Y26=0),"",IF((10-W26-X26)<=0,"N/A",Z26/(10-W26-X26))) | AC26: =IF(W26=0,"",ROUND((V26/W26)*10,0))
A27: Sumeyah Khan | V27: =SUM(B27,D27,F27,H27,J27,L27,N27,P27,R27,T27) | W27: =COUNTIF(C27,"P")+COUNTIF(E27,"P")+COUNTIF(G27,"P")+COUNTIF(I27,"P")+COUNTIF(K27,"P")+COUNTIF(M27,"P")+COUNTIF(O27,"P")+COUNTIF(Q27,"P")+COUNTIF(S27,"P")+COUNTIF(U27,"P") | X27: =COUNTIF(C27,"A")+COUNTIF(E27,"A")+COUNTIF(G27,"A")+COUNTIF(I27,"A")+COUNTIF(K27,"A")+COUNTIF(M27,"A")+COUNTIF(O27,"A")+COUNTIF(Q27,"A")+COUNTIF(S27,"A")+COUNTIF(U27,"A") | Z27: =IF(Y27="","",Y27-V27) | AA27: =IF(OR(Y27="",Y27=0),"",V27/Y27) | AB27: =IF(OR(Y27="",Y27=0),"",IF((10-W27-X27)<=0,"N/A",Z27/(10-W27-X27))) | AC27: =IF(W27=0,"",ROUND((V27/W27)*10,0))
A28: Maria Mujeeb | V28: =SUM(B28,D28,F28,H28,J28,L28,N28,P28,R28,T28) | W28: =COUNTIF(C28,"P")+COUNTIF(E28,"P")+COUNTIF(G28,"P")+COUNTIF(I28,"P")+COUNTIF(K28,"P")+COUNTIF(M28,"P")+COUNTIF(O28,"P")+COUNTIF(Q28,"P")+COUNTIF(S28,"P")+COUNTIF(U28,"P") | X28: =COUNTIF(C28,"A")+COUNTIF(E28,"A")+COUNTIF(G28,"A")+COUNTIF(I28,"A")+COUNTIF(K28,"A")+COUNTIF(M28,"A")+COUNTIF(O28,"A")+COUNTIF(Q28,"A")+COUNTIF(S28,"A")+COUNTIF(U28,"A") | Z28: =IF(Y28="","",Y28-V28) | AA28: =IF(OR(Y28="",Y28=0),"",V28/Y28) | AB28: =IF(OR(Y28="",Y28=0),"",IF((10-W28-X28)<=0,"N/A",Z28/(10-W28-X28))) | AC28: =IF(W28=0,"",ROUND((V28/W28)*10,0))
A29: Jace Ratliff | V29: =SUM(B29,D29,F29,H29,J29,L29,N29,P29,R29,T29) | W29: =COUNTIF(C29,"P")+COUNTIF(E29,"P")+COUNTIF(G29,"P")+COUNTIF(I29,"P")+COUNTIF(K29,"P")+COUNTIF(M29,"P")+COUNTIF(O29,"P")+COUNTIF(Q29,"P")+COUNTIF(S29,"P")+COUNTIF(U29,"P") | X29: =COUNTIF(C29,"A")+COUNTIF(E29,"A")+COUNTIF(G29,"A")+COUNTIF(I29,"A")+COUNTIF(K29,"A")+COUNTIF(M29,"A")+COUNTIF(O29,"A")+COUNTIF(Q29,"A")+COUNTIF(S29,"A")+COUNTIF(U29,"A") | Z29: =IF(Y29="","",Y29-V29) | AA29: =IF(OR(Y29="",Y29=0),"",V29/Y29) | AB29: =IF(OR(Y29="",Y29=0),"",IF((10-W29-X29)<=0,"N/A",Z29/(10-W29-X29))) | AC29: =IF(W29=0,"",ROUND((V29/W29)*10,0))
A30: Evan Allen | V30: =SUM(B30,D30,F30,H30,J30,L30,N30,P30,R30,T30) | W30: =COUNTIF(C30,"P")+COUNTIF(E30,"P")+COUNTIF(G30,"P")+COUNTIF(I30,"P")+COUNTIF(K30,"P")+COUNTIF(M30,"P")+COUNTIF(O30,"P")+COUNTIF(Q30,"P")+COUNTIF(S30,"P")+COUNTIF(U30,"P") | X30: =COUNTIF(C30,"A")+COUNTIF(E30,"A")+COUNTIF(G30,"A")+COUNTIF(I30,"A")+COUNTIF(K30,"A")+COUNTIF(M30,"A")+COUNTIF(O30,"A")+COUNTIF(Q30,"A")+COUNTIF(S30,"A")+COUNTIF(U30,"A") | Z30: =IF(Y30="","",Y30-V30) | AA30: =IF(OR(Y30="",Y30=0),"",V30/Y30) | AB30: =IF(OR(Y30="",Y30=0),"",IF((10-W30-X30)<=0,"N/A",Z30/(10-W30-X30))) | AC30: =IF(W30=0,"",ROUND((V30/W30)*10,0))
A31: Sai Neelagiri | V31: =SUM(B31,D31,F31,H31,J31,L31,N31,P31,R31,T31) | W31: =COUNTIF(C31,"P")+COUNTIF(E31,"P")+COUNTIF(G31,"P")+COUNTIF(I31,"P")+COUNTIF(K31,"P")+COUNTIF(M31,"P")+COUNTIF(O31,"P")+COUNTIF(Q31,"P")+COUNTIF(S31,"P")+COUNTIF(U31,"P") | X31: =COUNTIF(C31,"A")+COUNTIF(E31,"A")+COUNTIF(G31,"A")+COUNTIF(I31,"A")+COUNTIF(K31,"A")+COUNTIF(M31,"A")+COUNTIF(O31,"A")+COUNTIF(Q31,"A")+COUNTIF(S31,"A")+COUNTIF(U31,"A") | Z31: =IF(Y31="","",Y31-V31) | AA31: =IF(OR(Y31="",Y31=0),"",V31/Y31) | AB31: =IF(OR(Y31="",Y31=0),"",IF((10-W31-X31)<=0,"N/A",Z31/(10-W31-X31))) | AC31: =IF(W31=0,"",ROUND((V31/W31)*10,0))
A32: Fletcher Meese | V32: =SUM(B32,D32,F32,H32,J32,L32,N32,P32,R32,T32) | W32: =COUNTIF(C32,"P")+COUNTIF(E32,"P")+COUNTIF(G32,"P")+COUNTIF(I32,"P")+COUNTIF(K32,"P")+COUNTIF(M32,"P")+COUNTIF(O32,"P")+COUNTIF(Q32,"P")+COUNTIF(S32,"P")+COUNTIF(U32,"P") | X32: =COUNTIF(C32,"A")+COUNTIF(E32,"A")+COUNTIF(G32,"A")+COUNTIF(I32,"A")+COUNTIF(K32,"A")+COUNTIF(M32,"A")+COUNTIF(O32,"A")+COUNTIF(Q32,"A")+COUNTIF(S32,"A")+COUNTIF(U32,"A") | Z32: =IF(Y32="","",Y32-V32) | AA32: =IF(OR(Y32="",Y32=0),"",V32/Y32) | AB32: =IF(OR(Y32="",Y32=0),"",IF((10-W32-X32)<=0,"N/A",Z32/(10-W32-X32))) | AC32: =IF(W32=0,"",ROUND((V32/W32)*10,0))
A33: Elijah Aldaco | V33: =SUM(B33,D33,F33,H33,J33,L33,N33,P33,R33,T33) | W33: =COUNTIF(C33,"P")+COUNTIF(E33,"P")+COUNTIF(G33,"P")+COUNTIF(I33,"P")+COUNTIF(K33,"P")+COUNTIF(M33,"P")+COUNTIF(O33,"P")+COUNTIF(Q33,"P")+COUNTIF(S33,"P")+COUNTIF(U33,"P") | X33: =COUNTIF(C33,"A")+COUNTIF(E33,"A")+COUNTIF(G33,"A")+COUNTIF(I33,"A")+COUNTIF(K33,"A")+COUNTIF(M33,"A")+COUNTIF(O33,"A")+COUNTIF(Q33,"A")+COUNTIF(S33,"A")+COUNTIF(U33,"A") | Z33: =IF(Y33="","",Y33-V33) | AA33: =IF(OR(Y33="",Y33=0),"",V33/Y33) | AB33: =IF(OR(Y33="",Y33=0),"",IF((10-W33-X33)<=0,"N/A",Z33/(10-W33-X33))) | AC33: =IF(W33=0,"",ROUND((V33/W33)*10,0))
A34: Cain Gutierrez | V34: =SUM(B34,D34,F34,H34,J34,L34,N34,P34,R34,T34) | W34: =COUNTIF(C34,"P")+COUNTIF(E34,"P")+COUNTIF(G34,"P")+COUNTIF(I34,"P")+COUNTIF(K34,"P")+COUNTIF(M34,"P")+COUNTIF(O34,"P")+COUNTIF(Q34,"P")+COUNTIF(S34,"P")+COUNTIF(U34,"P") | X34: =COUNTIF(C34,"A")+COUNTIF(E34,"A")+COUNTIF(G34,"A")+COUNTIF(I34,"A")+COUNTIF(K34,"A")+COUNTIF(M34,"A")+COUNTIF(O34,"A")+COUNTIF(Q34,"A")+COUNTIF(S34,"A")+COUNTIF(U34,"A") | Z34: =IF(Y34="","",Y34-V34) | AA34: =IF(OR(Y34="",Y34=0),"",V34/Y34) | AB34: =IF(OR(Y34="",Y34=0),"",IF((10-W34-X34)<=0,"N/A",Z34/(10-W34-X34))) | AC34: =IF(W34=0,"",ROUND((V34/W34)*10,0))
A35: Grayson Barnhart | V35: =SUM(B35,D35,F35,H35,J35,L35,N35,P35,R35,T35) | W35: =COUNTIF(C35,"P")+COUNTIF(E35,"P")+COUNTIF(G35,"P")+COUNTIF(I35,"P")+COUNTIF(K35,"P")+COUNTIF(M35,"P")+COUNTIF(O35,"P")+COUNTIF(Q35,"P")+COUNTIF(S35,"P")+COUNTIF(U35,"P") | X35: =COUNTIF(C35,"A")+COUNTIF(E35,"A")+COUNTIF(G35,"A")+COUNTIF(I35,"A")+COUNTIF(K35,"A")+COUNTIF(M35,"A")+COUNTIF(O35,"A")+COUNTIF(Q35,"A")+COUNTIF(S35,"A")+COUNTIF(U35,"A") | Z35: =IF(Y35="","",Y35-V35) | AA35: =IF(OR(Y35="",Y35=0),"",V35/Y35) | AB35: =IF(OR(Y35="",Y35=0),"",IF((10-W35-X35)<=0,"N/A",Z35/(10-W35-X35))) | AC35: =IF(W35=0,"",ROUND((V35/W35)*10,0))
... A38: Jason Bean | V38: =SUM(B38,D38,F38,H38,J38,L38,N38,P38,R38,T38) | W38: =COUNTIF(C38,"P")+COUNTIF(E38,"P")+COUNTIF(G38,"P")+COUNTIF(I38,"P")+COUNTIF(K38,"P")+COUNTIF(M38,"P")+COUNTIF(O38,"P")+COUNTIF(Q38,"P")+COUNTIF(S38,"P")+COUNTIF(U38,"P") | X38: =COUNTIF(C38,"A")+COUNTIF(E38,"A")+COUNTIF(G38,"A")+COUNTIF(I38,"A")+COUNTIF(K38,"A")+COUNTIF(M38,"A")+COUNTIF(O38,"A")+COUNTIF(Q38,"A")+COUNTIF(S38,"A")+COUNTIF(U38,"A") | Z38: =IF(Y38="","",Y38-V38) | AA38: =IF(OR(Y38="",Y38=0),"",V38/Y38) | AB38: =IF(OR(Y38="",Y38=0),"",IF((10-W38-X38)<=0,"N/A",Z38/(10-W38-X38))) | AC38: =IF(W38=0,"",ROUND((V38/W38)*10,0))
A41: Q3 — Quarter 3
A42: Student Name | B42: Sess 1 | C42: Att 1 | D42: Sess 2 | E42: Att 2 | F42: Sess 3 | G42: Att 3 | H42: Sess 4 | I42: Att 4 | J42: Sess 5 | K42: Att 5 | L42: Sess 6 | M42: Att 6 | N42: Sess 7 | O42: Att 7 | P42: Sess 8 | Q42: Att 8 | R42: Sess 9 | S42: Att 9 | T42: Sess 10 | U42: Att 10 | V42: Min Met | W42: Sess Att | X42: Absences | Y42: IEP Req | Z42: Min Remain | AA42: % Complete | AB42: Pace Needed | AC42: Projected
A43: Raya Hightower | V43: =SUM(B43,D43,F43,H43,J43,L43,N43,P43,R43,T43) | W43: =COUNTIF(C43,"P")+COUNTIF(E43,"P")+COUNTIF(G43,"P")+COUNTIF(I43,"P")+COUNTIF(K43,"P")+COUNTIF(M43,"P")+COUNTIF(O43,"P")+COUNTIF(Q43,"P")+COUNTIF(S43,"P")+COUNTIF(U43,"P") | X43: =COUNTIF(C43,"A")+COUNTIF(E43,"A")+COUNTIF(G43,"A")+COUNTIF(I43,"A")+COUNTIF(K43,"A")+COUNTIF(M43,"A")+COUNTIF(O43,"A")+COUNTIF(Q43,"A")+COUNTIF(S43,"A")+COUNTIF(U43,"A") | Z43: =IF(Y43="","",Y43-V43) | AA43: =IF(OR(Y43="",Y43=0),"",V43/Y43) | AB43: =IF(OR(Y43="",Y43=0),"",IF((10-W43-X43)<=0,"N/A",Z43/(10-W43-X43))) | AC43: =IF(W43=0,"",ROUND((V43/W43)*10,0))
A44: Anu Vijay Anand | V44: =SUM(B44,D44,F44,H44,J44,L44,N44,P44,R44,T44) | W44: =COUNTIF(C44,"P")+COUNTIF(E44,"P")+COUNTIF(G44,"P")+COUNTIF(I44,"P")+COUNTIF(K44,"P")+COUNTIF(M44,"P")+COUNTIF(O44,"P")+COUNTIF(Q44,"P")+COUNTIF(S44,"P")+COUNTIF(U44,"P") | X44: =COUNTIF(C44,"A")+COUNTIF(E44,"A")+COUNTIF(G44,"A")+COUNTIF(I44,"A")+COUNTIF(K44,"A")+COUNTIF(M44,"A")+COUNTIF(O44,"A")+COUNTIF(Q44,"A")+COUNTIF(S44,"A")+COUNTIF(U44,"A") | Z44: =IF(Y44="","",Y44-V44) | AA44: =IF(OR(Y44="",Y44=0),"",V44/Y44) | AB44: =IF(OR(Y44="",Y44=0),"",IF((10-W44-X44)<=0,"N/A",Z44/(10-W44-X44))) | AC44: =IF(W44=0,"",ROUND((V44/W44)*10,0))
A45: Aadhya Gone | V45: =SUM(B45,D45,F45,H45,J45,L45,N45,P45,R45,T45) | W45: =COUNTIF(C45,"P")+COUNTIF(E45,"P")+COUNTIF(G45,"P")+COUNTIF(I45,"P")+COUNTIF(K45,"P")+COUNTIF(M45,"P")+COUNTIF(O45,"P")+COUNTIF(Q45,"P")+COUNTIF(S45,"P")+COUNTIF(U45,"P") | X45: =COUNTIF(C45,"A")+COUNTIF(E45,"A")+COUNTIF(G45,"A")+COUNTIF(I45,"A")+COUNTIF(K45,"A")+COUNTIF(M45,"A")+COUNTIF(O45,"A")+COUNTIF(Q45,"A")+COUNTIF(S45,"A")+COUNTIF(U45,"A") | Z45: =IF(Y45="","",Y45-V45) | AA45: =IF(OR(Y45="",Y45=0),"",V45/Y45) | AB45: =IF(OR(Y45="",Y45=0),"",IF((10-W45-X45)<=0,"N/A",Z45/(10-W45-X45))) | AC45: =IF(W45=0,"",ROUND((V45/W45)*10,0))
A46: Sumeyah Khan | V46: =SUM(B46,D46,F46,H46,J46,L46,N46,P46,R46,T46) | W46: =COUNTIF(C46,"P")+COUNTIF(E46,"P")+COUNTIF(G46,"P")+COUNTIF(I46,"P")+COUNTIF(K46,"P")+COUNTIF(M46,"P")+COUNTIF(O46,"P")+COUNTIF(Q46,"P")+COUNTIF(S46,"P")+COUNTIF(U46,"P") | X46: =COUNTIF(C46,"A")+COUNTIF(E46,"A")+COUNTIF(G46,"A")+COUNTIF(I46,"A")+COUNTIF(K46,"A")+COUNTIF(M46,"A")+COUNTIF(O46,"A")+COUNTIF(Q46,"A")+COUNTIF(S46,"A")+COUNTIF(U46,"A") | Z46: =IF(Y46="","",Y46-V46) | AA46: =IF(OR(Y46="",Y46=0),"",V46/Y46) | AB46: =IF(OR(Y46="",Y46=0),"",IF((10-W46-X46)<=0,"N/A",Z46/(10-W46-X46))) | AC46: =IF(W46=0,"",ROUND((V46/W46)*10,0))
A47: Maria Mujeeb | V47: =SUM(B47,D47,F47,H47,J47,L47,N47,P47,R47,T47) | W47: =COUNTIF(C47,"P")+COUNTIF(E47,"P")+COUNTIF(G47,"P")+COUNTIF(I47,"P")+COUNTIF(K47,"P")+COUNTIF(M47,"P")+COUNTIF(O47,"P")+COUNTIF(Q47,"P")+COUNTIF(S47,"P")+COUNTIF(U47,"P") | X47: =COUNTIF(C47,"A")+COUNTIF(E47,"A")+COUNTIF(G47,"A")+COUNTIF(I47,"A")+COUNTIF(K47,"A")+COUNTIF(M47,"A")+COUNTIF(O47,"A")+COUNTIF(Q47,"A")+COUNTIF(S47,"A")+COUNTIF(U47,"A") | Z47: =IF(Y47="","",Y47-V47) | AA47: =IF(OR(Y47="",Y47=0),"",V47/Y47) | AB47: =IF(OR(Y47="",Y47=0),"",IF((10-W47-X47)<=0,"N/A",Z47/(10-W47-X47))) | AC47: =IF(W47=0,"",ROUND((V47/W47)*10,0))
A48: Jace Ratliff | V48: =SUM(B48,D48,F48,H48,J48,L48,N48,P48,R48,T48) | W48: =COUNTIF(C48,"P")+COUNTIF(E48,"P")+COUNTIF(G48,"P")+COUNTIF(I48,"P")+COUNTIF(K48,"P")+COUNTIF(M48,"P")+COUNTIF(O48,"P")+COUNTIF(Q48,"P")+COUNTIF(S48,"P")+COUNTIF(U48,"P") | X48: =COUNTIF(C48,"A")+COUNTIF(E48,"A")+COUNTIF(G48,"A")+COUNTIF(I48,"A")+COUNTIF(K48,"A")+COUNTIF(M48,"A")+COUNTIF(O48,"A")+COUNTIF(Q48,"A")+COUNTIF(S48,"A")+COUNTIF(U48,"A") | Z48: =IF(Y48="","",Y48-V48) | AA48: =IF(OR(Y48="",Y48=0),"",V48/Y48) | AB48: =IF(OR(Y48="",Y48=0),"",IF((10-W48-X48)<=0,"N/A",Z48/(10-W48-X48))) | AC48: =IF(W48=0,"",ROUND((V48/W48)*10,0))
A49: Evan Allen | V49: =SUM(B49,D49,F49,H49,J49,L49,N49,P49,R49,T49) | W49: =COUNTIF(C49,"P")+COUNTIF(E49,"P")+COUNTIF(G49,"P")+COUNTIF(I49,"P")+COUNTIF(K49,"P")+COUNTIF(M49,"P")+COUNTIF(O49,"P")+COUNTIF(Q49,"P")+COUNTIF(S49,"P")+COUNTIF(U49,"P") | X49: =COUNTIF(C49,"A")+COUNTIF(E49,"A")+COUNTIF(G49,"A")+COUNTIF(I49,"A")+COUNTIF(K49,"A")+COUNTIF(M49,"A")+COUNTIF(O49,"A")+COUNTIF(Q49,"A")+COUNTIF(S49,"A")+COUNTIF(U49,"A") | Z49: =IF(Y49="","",Y49-V49) | AA49: =IF(OR(Y49="",Y49=0),"",V49/Y49) | AB49: =IF(OR(Y49="",Y49=0),"",IF((10-W49-X49)<=0,"N/A",Z49/(10-W49-X49))) | AC49: =IF(W49=0,"",ROUND((V49/W49)*10,0))
A50: Sai Neelagiri | V50: =SUM(B50,D50,F50,H50,J50,L50,N50,P50,R50,T50) | W50: =COUNTIF(C50,"P")+COUNTIF(E50,"P")+COUNTIF(G50,"P")+COUNTIF(I50,"P")+COUNTIF(K50,"P")+COUNTIF(M50,"P")+COUNTIF(O50,"P")+COUNTIF(Q50,"P")+COUNTIF(S50,"P")+COUNTIF(U50,"P") | X50: =COUNTIF(C50,"A")+COUNTIF(E50,"A")+COUNTIF(G50,"A")+COUNTIF(I50,"A")+COUNTIF(K50,"A")+COUNTIF(M50,"A")+COUNTIF(O50,"A")+COUNTIF(Q50,"A")+COUNTIF(S50,"A")+COUNTIF(U50,"A") | Z50: =IF(Y50="","",Y50-V50) | AA50: =IF(OR(Y50="",Y50=0),"",V50/Y50) | AB50: =IF(OR(Y50="",Y50=0),"",IF((10-W50-X50)<=0,"N/A",Z50/(10-W50-X50))) | AC50: =IF(W50=0,"",ROUND((V50/W50)*10,0))
A51: Fletcher Meese | V51: =SUM(B51,D51,F51,H51,J51,L51,N51,P51,R51,T51) | W51: =COUNTIF(C51,"P")+COUNTIF(E51,"P")+COUNTIF(G51,"P")+COUNTIF(I51,"P")+COUNTIF(K51,"P")+COUNTIF(M51,"P")+COUNTIF(O51,"P")+COUNTIF(Q51,"P")+COUNTIF(S51,"P")+COUNTIF(U51,"P") | X51: =COUNTIF(C51,"A")+COUNTIF(E51,"A")+COUNTIF(G51,"A")+COUNTIF(I51,"A")+COUNTIF(K51,"A")+COUNTIF(M51,"A")+COUNTIF(O51,"A")+COUNTIF(Q51,"A")+COUNTIF(S51,"A")+COUNTIF(U51,"A") | Z51: =IF(Y51="","",Y51-V51) | AA51: =IF(OR(Y51="",Y51=0),"",V51/Y51) | AB51: =IF(OR(Y51="",Y51=0),"",IF((10-W51-X51)<=0,"N/A",Z51/(10-W51-X51))) | AC51: =IF(W51=0,"",ROUND((V51/W51)*10,0))
A52: Elijah Aldaco | V52: =SUM(B52,D52,F52,H52,J52,L52,N52,P52,R52,T52) | W52: =COUNTIF(C52,"P")+COUNTIF(E52,"P")+COUNTIF(G52,"P")+COUNTIF(I52,"P")+COUNTIF(K52,"P")+COUNTIF(M52,"P")+COUNTIF(O52,"P")+COUNTIF(Q52,"P")+COUNTIF(S52,"P")+COUNTIF(U52,"P") | X52: =COUNTIF(C52,"A")+COUNTIF(E52,"A")+COUNTIF(G52,"A")+COUNTIF(I52,"A")+COUNTIF(K52,"A")+COUNTIF(M52,"A")+COUNTIF(O52,"A")+COUNTIF(Q52,"A")+COUNTIF(S52,"A")+COUNTIF(U52,"A") | Z52: =IF(Y52="","",Y52-V52) | AA52: =IF(OR(Y52="",Y52=0),"",V52/Y52) | AB52: =IF(OR(Y52="",Y52=0),"",IF((10-W52-X52)<=0,"N/A",Z52/(10-W52-X52))) | AC52: =IF(W52=0,"",ROUND((V52/W52)*10,0))
A53: Cain Gutierrez | V53: =SUM(B53,D53,F53,H53,J53,L53,N53,P53,R53,T53) | W53: =COUNTIF(C53,"P")+COUNTIF(E53,"P")+COUNTIF(G53,"P")+COUNTIF(I53,"P")+COUNTIF(K53,"P")+COUNTIF(M53,"P")+COUNTIF(O53,"P")+COUNTIF(Q53,"P")+COUNTIF(S53,"P")+COUNTIF(U53,"P") | X53: =COUNTIF(C53,"A")+COUNTIF(E53,"A")+COUNTIF(G53,"A")+COUNTIF(I53,"A")+COUNTIF(K53,"A")+COUNTIF(M53,"A")+COUNTIF(O53,"A")+COUNTIF(Q53,"A")+COUNTIF(S53,"A")+COUNTIF(U53,"A") | Z53: =IF(Y53="","",Y53-V53) | AA53: =IF(OR(Y53="",Y53=0),"",V53/Y53) | AB53: =IF(OR(Y53="",Y53=0),"",IF((10-W53-X53)<=0,"N/A",Z53/(10-W53-X53))) | AC53: =IF(W53=0,"",ROUND((V53/W53)*10,0))
A54: Grayson Barnhart | V54: =SUM(B54,D54,F54,H54,J54,L54,N54,P54,R54,T54) | W54: =COUNTIF(C54,"P")+COUNTIF(E54,"P")+COUNTIF(G54,"P")+COUNTIF(I54,"P")+COUNTIF(K54,"P")+COUNTIF(M54,"P")+COUNTIF(O54,"P")+COUNTIF(Q54,"P")+COUNTIF(S54,"P")+COUNTIF(U54,"P") | X54: =COUNTIF(C54,"A")+COUNTIF(E54,"A")+COUNTIF(G54,"A")+COUNTIF(I54,"A")+COUNTIF(K54,"A")+COUNTIF(M54,"A")+COUNTIF(O54,"A")+COUNTIF(Q54,"A")+COUNTIF(S54,"A")+COUNTIF(U54,"A") | Z54: =IF(Y54="","",Y54-V54) | AA54: =IF(OR(Y54="",Y54=0),"",V54/Y54) | AB54: =IF(OR(Y54="",Y54=0),"",IF((10-W54-X54)<=0,"N/A",Z54/(10-W54-X54))) | AC54: =IF(W54=0,"",ROUND((V54/W54)*10,0))
... A57: Jason Bean | V57: =SUM(B57,D57,F57,H57,J57,L57,N57,P57,R57,T57) | W57: =COUNTIF(C57,"P")+COUNTIF(E57,"P")+COUNTIF(G57,"P")+COUNTIF(I57,"P")+COUNTIF(K57,"P")+COUNTIF(M57,"P")+COUNTIF(O57,"P")+COUNTIF(Q57,"P")+COUNTIF(S57,"P")+COUNTIF(U57,"P") | X57: =COUNTIF(C57,"A")+COUNTIF(E57,"A")+COUNTIF(G57,"A")+COUNTIF(I57,"A")+COUNTIF(K57,"A")+COUNTIF(M57,"A")+COUNTIF(O57,"A")+COUNTIF(Q57,"A")+COUNTIF(S57,"A")+COUNTIF(U57,"A") | Z57: =IF(Y57="","",Y57-V57) | AA57: =IF(OR(Y57="",Y57=0),"",V57/Y57) | AB57: =IF(OR(Y57="",Y57=0),"",IF((10-W57-X57)<=0,"N/A",Z57/(10-W57-X57))) | AC57: =IF(W57=0,"",ROUND((V57/W57)*10,0))
A60: Q4 — Quarter 4
A61: Student Name | B61: Sess 1 | C61: Att 1 | D61: Sess 2 | E61: Att 2 | F61: Sess 3 | G61: Att 3 | H61: Sess 4 | I61: Att 4 | J61: Sess 5 | K61: Att 5 | L61: Sess 6 | M61: Att 6 | N61: Sess 7 | O61: Att 7 | P61: Sess 8 | Q61: Att 8 | R61: Sess 9 | S61: Att 9 | T61: Sess 10 | U61: Att 10 | V61: Min Met | W61: Sess Att | X61: Absences | Y61: IEP Req | Z61: Min Remain | AA61: % Complete | AB61: Pace Needed | AC61: Projected
A62: Raya Hightower | V62: =SUM(B62,D62,F62,H62,J62,L62,N62,P62,R62,T62) | W62: =COUNTIF(C62,"P")+COUNTIF(E62,"P")+COUNTIF(G62,"P")+COUNTIF(I62,"P")+COUNTIF(K62,"P")+COUNTIF(M62,"P")+COUNTIF(O62,"P")+COUNTIF(Q62,"P")+COUNTIF(S62,"P")+COUNTIF(U62,"P") | X62: =COUNTIF(C62,"A")+COUNTIF(E62,"A")+COUNTIF(G62,"A")+COUNTIF(I62,"A")+COUNTIF(K62,"A")+COUNTIF(M62,"A")+COUNTIF(O62,"A")+COUNTIF(Q62,"A")+COUNTIF(S62,"A")+COUNTIF(U62,"A") | Z62: =IF(Y62="","",Y62-V62) | AA62: =IF(OR(Y62="",Y62=0),"",V62/Y62) | AB62: =IF(OR(Y62="",Y62=0),"",IF((10-W62-X62)<=0,"N/A",Z62/(10-W62-X62))) | AC62: =IF(W62=0,"",ROUND((V62/W62)*10,0))
A63: Anu Vijay Anand | V63: =SUM(B63,D63,F63,H63,J63,L63,N63,P63,R63,T63) | W63: =COUNTIF(C63,"P")+COUNTIF(E63,"P")+COUNTIF(G63,"P")+COUNTIF(I63,"P")+COUNTIF(K63,"P")+COUNTIF(M63,"P")+COUNTIF(O63,"P")+COUNTIF(Q63,"P")+COUNTIF(S63,"P")+COUNTIF(U63,"P") | X63: =COUNTIF(C63,"A")+COUNTIF(E63,"A")+COUNTIF(G63,"A")+COUNTIF(I63,"A")+COUNTIF(K63,"A")+COUNTIF(M63,"A")+COUNTIF(O63,"A")+COUNTIF(Q63,"A")+COUNTIF(S63,"A")+COUNTIF(U63,"A") | Z63: =IF(Y63="","",Y63-V63) | AA63: =IF(OR(Y63="",Y63=0),"",V63/Y63) | AB63: =IF(OR(Y63="",Y63=0),"",IF((10-W63-X63)<=0,"N/A",Z63/(10-W63-X63))) | AC63: =IF(W63=0,"",ROUND((V63/W63)*10,0))
A64: Aadhya Gone | V64: =SUM(B64,D64,F64,H64,J64,L64,N64,P64,R64,T64) | W64: =COUNTIF(C64,"P")+COUNTIF(E64,"P")+COUNTIF(G64,"P")+COUNTIF(I64,"P")+COUNTIF(K64,"P")+COUNTIF(M64,"P")+COUNTIF(O64,"P")+COUNTIF(Q64,"P")+COUNTIF(S64,"P")+COUNTIF(U64,"P") | X64: =COUNTIF(C64,"A")+COUNTIF(E64,"A")+COUNTIF(G64,"A")+COUNTIF(I64,"A")+COUNTIF(K64,"A")+COUNTIF(M64,"A")+COUNTIF(O64,"A")+COUNTIF(Q64,"A")+COUNTIF(S64,"A")+COUNTIF(U64,"A") | Z64: =IF(Y64="","",Y64-V64) | AA64: =IF(OR(Y64="",Y64=0),"",V64/Y64) | AB64: =IF(OR(Y64="",Y64=0),"",IF((10-W64-X64)<=0,"N/A",Z64/(10-W64-X64))) | AC64: =IF(W64=0,"",ROUND((V64/W64)*10,0))
A65: Sumeyah Khan | V65: =SUM(B65,D65,F65,H65,J65,L65,N65,P65,R65,T65) | W65: =COUNTIF(C65,"P")+COUNTIF(E65,"P")+COUNTIF(G65,"P")+COUNTIF(I65,"P")+COUNTIF(K65,"P")+COUNTIF(M65,"P")+COUNTIF(O65,"P")+COUNTIF(Q65,"P")+COUNTIF(S65,"P")+COUNTIF(U65,"P") | X65: =COUNTIF(C65,"A")+COUNTIF(E65,"A")+COUNTIF(G65,"A")+COUNTIF(I65,"A")+COUNTIF(K65,"A")+COUNTIF(M65,"A")+COUNTIF(O65,"A")+COUNTIF(Q65,"A")+COUNTIF(S65,"A")+COUNTIF(U65,"A") | Z65: =IF(Y65="","",Y65-V65) | AA65: =IF(OR(Y65="",Y65=0),"",V65/Y65) | AB65: =IF(OR(Y65="",Y65=0),"",IF((10-W65-X65)<=0,"N/A",Z65/(10-W65-X65))) | AC65: =IF(W65=0,"",ROUND((V65/W65)*10,0))
A66: Maria Mujeeb | V66: =SUM(B66,D66,F66,H66,J66,L66,N66,P66,R66,T66) | W66: =COUNTIF(C66,"P")+COUNTIF(E66,"P")+COUNTIF(G66,"P")+COUNTIF(I66,"P")+COUNTIF(K66,"P")+COUNTIF(M66,"P")+COUNTIF(O66,"P")+COUNTIF(Q66,"P")+COUNTIF(S66,"P")+COUNTIF(U66,"P") | X66: =COUNTIF(C66,"A")+COUNTIF(E66,"A")+COUNTIF(G66,"A")+COUNTIF(I66,"A")+COUNTIF(K66,"A")+COUNTIF(M66,"A")+COUNTIF(O66,"A")+COUNTIF(Q66,"A")+COUNTIF(S66,"A")+COUNTIF(U66,"A") | Z66: =IF(Y66="","",Y66-V66) | AA66: =IF(OR(Y66="",Y66=0),"",V66/Y66) | AB66: =IF(OR(Y66="",Y66=0),"",IF((10-W66-X66)<=0,"N/A",Z66/(10-W66-X66))) | AC66: =IF(W66=0,"",ROUND((V66/W66)*10,0))
A67: Jace Ratliff | V67: =SUM(B67,D67,F67,H67,J67,L67,N67,P67,R67,T67) | W67: =COUNTIF(C67,"P")+COUNTIF(E67,"P")+COUNTIF(G67,"P")+COUNTIF(I67,"P")+COUNTIF(K67,"P")+COUNTIF(M67,"P")+COUNTIF(O67,"P")+COUNTIF(Q67,"P")+COUNTIF(S67,"P")+COUNTIF(U67,"P") | X67: =COUNTIF(C67,"A")+COUNTIF(E67,"A")+COUNTIF(G67,"A")+COUNTIF(I67,"A")+COUNTIF(K67,"A")+COUNTIF(M67,"A")+COUNTIF(O67,"A")+COUNTIF(Q67,"A")+COUNTIF(S67,"A")+COUNTIF(U67,"A") | Z67: =IF(Y67="","",Y67-V67) | AA67: =IF(OR(Y67="",Y67=0),"",V67/Y67) | AB67: =IF(OR(Y67="",Y67=0),"",IF((10-W67-X67)<=0,"N/A",Z67/(10-W67-X67))) | AC67: =IF(W67=0,"",ROUND((V67/W67)*10,0))
A68: Evan Allen | V68: =SUM(B68,D68,F68,H68,J68,L68,N68,P68,R68,T68) | W68: =COUNTIF(C68,"P")+COUNTIF(E68,"P")+COUNTIF(G68,"P")+COUNTIF(I68,"P")+COUNTIF(K68,"P")+COUNTIF(M68,"P")+COUNTIF(O68,"P")+COUNTIF(Q68,"P")+COUNTIF(S68,"P")+COUNTIF(U68,"P") | X68: =COUNTIF(C68,"A")+COUNTIF(E68,"A")+COUNTIF(G68,"A")+COUNTIF(I68,"A")+COUNTIF(K68,"A")+COUNTIF(M68,"A")+COUNTIF(O68,"A")+COUNTIF(Q68,"A")+COUNTIF(S68,"A")+COUNTIF(U68,"A") | Z68: =IF(Y68="","",Y68-V68) | AA68: =IF(OR(Y68="",Y68=0),"",V68/Y68) | AB68: =IF(OR(Y68="",Y68=0),"",IF((10-W68-X68)<=0,"N/A",Z68/(10-W68-X68))) | AC68: =IF(W68=0,"",ROUND((V68/W68)*10,0))
A69: Sai Neelagiri | V69: =SUM(B69,D69,F69,H69,J69,L69,N69,P69,R69,T69) | W69: =COUNTIF(C69,"P")+COUNTIF(E69,"P")+COUNTIF(G69,"P")+COUNTIF(I69,"P")+COUNTIF(K69,"P")+COUNTIF(M69,"P")+COUNTIF(O69,"P")+COUNTIF(Q69,"P")+COUNTIF(S69,"P")+COUNTIF(U69,"P") | X69: =COUNTIF(C69,"A")+COUNTIF(E69,"A")+COUNTIF(G69,"A")+COUNTIF(I69,"A")+COUNTIF(K69,"A")+COUNTIF(M69,"A")+COUNTIF(O69,"A")+COUNTIF(Q69,"A")+COUNTIF(S69,"A")+COUNTIF(U69,"A") | Z69: =IF(Y69="","",Y69-V69) | AA69: =IF(OR(Y69="",Y69=0),"",V69/Y69) | AB69: =IF(OR(Y69="",Y69=0),"",IF((10-W69-X69)<=0,"N/A",Z69/(10-W69-X69))) | AC69: =IF(W69=0,"",ROUND((V69/W69)*10,0))
A70: Fletcher Meese | V70: =SUM(B70,D70,F70,H70,J70,L70,N70,P70,R70,T70) | W70: =COUNTIF(C70,"P")+COUNTIF(E70,"P")+COUNTIF(G70,"P")+COUNTIF(I70,"P")+COUNTIF(K70,"P")+COUNTIF(M70,"P")+COUNTIF(O70,"P")+COUNTIF(Q70,"P")+COUNTIF(S70,"P")+COUNTIF(U70,"P") | X70: =COUNTIF(C70,"A")+COUNTIF(E70,"A")+COUNTIF(G70,"A")+COUNTIF(I70,"A")+COUNTIF(K70,"A")+COUNTIF(M70,"A")+COUNTIF(O70,"A")+COUNTIF(Q70,"A")+COUNTIF(S70,"A")+COUNTIF(U70,"A") | Z70: =IF(Y70="","",Y70-V70) | AA70: =IF(OR(Y70="",Y70=0),"",V70/Y70) | AB70: =IF(OR(Y70="",Y70=0),"",IF((10-W70-X70)<=0,"N/A",Z70/(10-W70-X70))) | AC70: =IF(W70=0,"",ROUND((V70/W70)*10,0))
A71: Elijah Aldaco | V71: =SUM(B71,D71,F71,H71,J71,L71,N71,P71,R71,T71) | W71: =COUNTIF(C71,"P")+COUNTIF(E71,"P")+COUNTIF(G71,"P")+COUNTIF(I71,"P")+COUNTIF(K71,"P")+COUNTIF(M71,"P")+COUNTIF(O71,"P")+COUNTIF(Q71,"P")+COUNTIF(S71,"P")+COUNTIF(U71,"P") | X71: =COUNTIF(C71,"A")+COUNTIF(E71,"A")+COUNTIF(G71,"A")+COUNTIF(I71,"A")+COUNTIF(K71,"A")+COUNTIF(M71,"A")+COUNTIF(O71,"A")+COUNTIF(Q71,"A")+COUNTIF(S71,"A")+COUNTIF(U71,"A") | Z71: =IF(Y71="","",Y71-V71) | AA71: =IF(OR(Y71="",Y71=0),"",V71/Y71) | AB71: =IF(OR(Y71="",Y71=0),"",IF((10-W71-X71)<=0,"N/A",Z71/(10-W71-X71))) | AC71: =IF(W71=0,"",ROUND((V71/W71)*10,0))
A72: Cain Gutierrez | V72: =SUM(B72,D72,F72,H72,J72,L72,N72,P72,R72,T72) | W72: =COUNTIF(C72,"P")+COUNTIF(E72,"P")+COUNTIF(G72,"P")+COUNTIF(I72,"P")+COUNTIF(K72,"P")+COUNTIF(M72,"P")+COUNTIF(O72,"P")+COUNTIF(Q72,"P")+COUNTIF(S72,"P")+COUNTIF(U72,"P") | X72: =COUNTIF(C72,"A")+COUNTIF(E72,"A")+COUNTIF(G72,"A")+COUNTIF(I72,"A")+COUNTIF(K72,"A")+COUNTIF(M72,"A")+COUNTIF(O72,"A")+COUNTIF(Q72,"A")+COUNTIF(S72,"A")+COUNTIF(U72,"A") | Z72: =IF(Y72="","",Y72-V72) | AA72: =IF(OR(Y72="",Y72=0),"",V72/Y72) | AB72: =IF(OR(Y72="",Y72=0),"",IF((10-W72-X72)<=0,"N/A",Z72/(10-W72-X72))) | AC72: =IF(W72=0,"",ROUND((V72/W72)*10,0))
A73: Grayson Barnhart | V73: =SUM(B73,D73,F73,H73,J73,L73,N73,P73,R73,T73) | W73: =COUNTIF(C73,"P")+COUNTIF(E73,"P")+COUNTIF(G73,"P")+COUNTIF(I73,"P")+COUNTIF(K73,"P")+COUNTIF(M73,"P")+COUNTIF(O73,"P")+COUNTIF(Q73,"P")+COUNTIF(S73,"P")+COUNTIF(U73,"P") | X73: =COUNTIF(C73,"A")+COUNTIF(E73,"A")+COUNTIF(G73,"A")+COUNTIF(I73,"A")+COUNTIF(K73,"A")+COUNTIF(M73,"A")+COUNTIF(O73,"A")+COUNTIF(Q73,"A")+COUNTIF(S73,"A")+COUNTIF(U73,"A") | Z73: =IF(Y73="","",Y73-V73) | AA73: =IF(OR(Y73="",Y73=0),"",V73/Y73) | AB73: =IF(OR(Y73="",Y73=0),"",IF((10-W73-X73)<=0,"N/A",Z73/(10-W73-X73))) | AC73: =IF(W73=0,"",ROUND((V73/W73)*10,0))
... A76: Jason Bean | V76: =SUM(B76,D76,F76,H76,J76,L76,N76,P76,R76,T76) | W76: =COUNTIF(C76,"P")+COUNTIF(E76,"P")+COUNTIF(G76,"P")+COUNTIF(I76,"P")+COUNTIF(K76,"P")+COUNTIF(M76,"P")+COUNTIF(O76,"P")+COUNTIF(Q76,"P")+COUNTIF(S76,"P")+COUNTIF(U76,"P") | X76: =COUNTIF(C76,"A")+COUNTIF(E76,"A")+COUNTIF(G76,"A")+COUNTIF(I76,"A")+COUNTIF(K76,"A")+COUNTIF(M76,"A")+COUNTIF(O76,"A")+COUNTIF(Q76,"A")+COUNTIF(S76,"A")+COUNTIF(U76,"A") | Z76: =IF(Y76="","",Y76-V76) | AA76: =IF(OR(Y76="",Y76=0),"",V76/Y76) | AB76: =IF(OR(Y76="",Y76=0),"",IF((10-W76-X76)<=0,"N/A",Z76/(10-W76-X76))) | AC76: =IF(W76=0,"",ROUND((V76/W76)*10,0))

Sheet Counseling
A1: Counseling — SPED Minute Tracker
A3: Q1 — Quarter 1
A4: Student Name | B4: Sess 1 | C4: Att 1 | D4: Sess 2 | E4: Att 2 | F4: Sess 3 | G4: Att 3 | H4: Sess 4 | I4: Att 4 | J4: Sess 5 | K4: Att 5 | L4: Sess 6 | M4: Att 6 | N4: Sess 7 | O4: Att 7 | P4: Sess 8 | Q4: Att 8 | R4: Sess 9 | S4: Att 9 | T4: Sess 10 | U4: Att 10 | V4: Min Met | W4: Sess Att | X4: Absences | Y4: IEP Req | Z4: Min Remain | AA4: % Complete | AB4: Pace Needed | AC4: Projected
A5: Raya Hightower | V5: =SUM(B5,D5,F5,H5,J5,L5,N5,P5,R5,T5) | W5: =COUNTIF(C5,"P")+COUNTIF(E5,"P")+COUNTIF(G5,"P")+COUNTIF(I5,"P")+COUNTIF(K5,"P")+COUNTIF(M5,"P")+COUNTIF(O5,"P")+COUNTIF(Q5,"P")+COUNTIF(S5,"P")+COUNTIF(U5,"P") | X5: =COUNTIF(C5,"A")+COUNTIF(E5,"A")+COUNTIF(G5,"A")+COUNTIF(I5,"A")+COUNTIF(K5,"A")+COUNTIF(M5,"A")+COUNTIF(O5,"A")+COUNTIF(Q5,"A")+COUNTIF(S5,"A")+COUNTIF(U5,"A") | Z5: =IF(Y5="","",Y5-V5) | AA5: =IF(OR(Y5="",Y5=0),"",V5/Y5) | AB5: =IF(OR(Y5="",Y5=0),"",IF((10-W5-X5)<=0,"N/A",Z5/(10-W5-X5))) | AC5: =IF(W5=0,"",ROUND((V5/W5)*10,0))
A6: Anu Vijay Anand | V6: =SUM(B6,D6,F6,H6,J6,L6,N6,P6,R6,T6) | W6: =COUNTIF(C6,"P")+COUNTIF(E6,"P")+COUNTIF(G6,"P")+COUNTIF(I6,"P")+COUNTIF(K6,"P")+COUNTIF(M6,"P")+COUNTIF(O6,"P")+COUNTIF(Q6,"P")+COUNTIF(S6,"P")+COUNTIF(U6,"P") | X6: =COUNTIF(C6,"A")+COUNTIF(E6,"A")+COUNTIF(G6,"A")+COUNTIF(I6,"A")+COUNTIF(K6,"A")+COUNTIF(M6,"A")+COUNTIF(O6,"A")+COUNTIF(Q6,"A")+COUNTIF(S6,"A")+COUNTIF(U6,"A") | Z6: =IF(Y6="","",Y6-V6) | AA6: =IF(OR(Y6="",Y6=0),"",V6/Y6) | AB6: =IF(OR(Y6="",Y6=0),"",IF((10-W6-X6)<=0,"N/A",Z6/(10-W6-X6))) | AC6: =IF(W6=0,"",ROUND((V6/W6)*10,0))
A7: Aadhya Gone | V7: =SUM(B7,D7,F7,H7,J7,L7,N7,P7,R7,T7) | W7: =COUNTIF(C7,"P")+COUNTIF(E7,"P")+COUNTIF(G7,"P")+COUNTIF(I7,"P")+COUNTIF(K7,"P")+COUNTIF(M7,"P")+COUNTIF(O7,"P")+COUNTIF(Q7,"P")+COUNTIF(S7,"P")+COUNTIF(U7,"P") | X7: =COUNTIF(C7,"A")+COUNTIF(E7,"A")+COUNTIF(G7,"A")+COUNTIF(I7,"A")+COUNTIF(K7,"A")+COUNTIF(M7,"A")+COUNTIF(O7,"A")+COUNTIF(Q7,"A")+COUNTIF(S7,"A")+COUNTIF(U7,"A") | Z7: =IF(Y7="","",Y7-V7) | AA7: =IF(OR(Y7="",Y7=0),"",V7/Y7) | AB7: =IF(OR(Y7="",Y7=0),"",IF((10-W7-X7)<=0,"N/A",Z7/(10-W7-X7))) | AC7: =IF(W7=0,"",ROUND((V7/W7)*10,0))
A8: Sumeyah Khan | V8: =SUM(B8,D8,F8,H8,J8,L8,N8,P8,R8,T8) | W8: =COUNTIF(C8,"P")+COUNTIF(E8,"P")+COUNTIF(G8,"P")+COUNTIF(I8,"P")+COUNTIF(K8,"P")+COUNTIF(M8,"P")+COUNTIF(O8,"P")+COUNTIF(Q8,"P")+COUNTIF(S8,"P")+COUNTIF(U8,"P") | X8: =COUNTIF(C8,"A")+COUNTIF(E8,"A")+COUNTIF(G8,"A")+COUNTIF(I8,"A")+COUNTIF(K8,"A")+COUNTIF(M8,"A")+COUNTIF(O8,"A")+COUNTIF(Q8,"A")+COUNTIF(S8,"A")+COUNTIF(U8,"A") | Z8: =IF(Y8="","",Y8-V8) | AA8: =IF(OR(Y8="",Y8=0),"",V8/Y8) | AB8: =IF(OR(Y8="",Y8=0),"",IF((10-W8-X8)<=0,"N/A",Z8/(10-W8-X8))) | AC8: =IF(W8=0,"",ROUND((V8/W8)*10,0))
A9: Maria Mujeeb | V9: =SUM(B9,D9,F9,H9,J9,L9,N9,P9,R9,T9) | W9: =COUNTIF(C9,"P")+COUNTIF(E9,"P")+COUNTIF(G9,"P")+COUNTIF(I9,"P")+COUNTIF(K9,"P")+COUNTIF(M9,"P")+COUNTIF(O9,"P")+COUNTIF(Q9,"P")+COUNTIF(S9,"P")+COUNTIF(U9,"P") | X9: =COUNTIF(C9,"A")+COUNTIF(E9,"A")+COUNTIF(G9,"A")+COUNTIF(I9,"A")+COUNTIF(K9,"A")+COUNTIF(M9,"A")+COUNTIF(O9,"A")+COUNTIF(Q9,"A")+COUNTIF(S9,"A")+COUNTIF(U9,"A") | Z9: =IF(Y9="","",Y9-V9) | AA9: =IF(OR(Y9="",Y9=0),"",V9/Y9) | AB9: =IF(OR(Y9="",Y9=0),"",IF((10-W9-X9)<=0,"N/A",Z9/(10-W9-X9))) | AC9: =IF(W9=0,"",ROUND((V9/W9)*10,0))
A10: Jace Ratliff | V10: =SUM(B10,D10,F10,H10,J10,L10,N10,P10,R10,T10) | W10: =COUNTIF(C10,"P")+COUNTIF(E10,"P")+COUNTIF(G10,"P")+COUNTIF(I10,"P")+COUNTIF(K10,"P")+COUNTIF(M10,"P")+COUNTIF(O10,"P")+COUNTIF(Q10,"P")+COUNTIF(S10,"P")+COUNTIF(U10,"P") | X10: =COUNTIF(C10,"A")+COUNTIF(E10,"A")+COUNTIF(G10,"A")+COUNTIF(I10,"A")+COUNTIF(K10,"A")+COUNTIF(M10,"A")+COUNTIF(O10,"A")+COUNTIF(Q10,"A")+COUNTIF(S10,"A")+COUNTIF(U10,"A") | Z10: =IF(Y10="","",Y10-V10) | AA10: =IF(OR(Y10="",Y10=0),"",V10/Y10) | AB10: =IF(OR(Y10="",Y10=0),"",IF((10-W10-X10)<=0,"N/A",Z10/(10-W10-X10))) | AC10: =IF(W10=0,"",ROUND((V10/W10)*10,0))
A11: Evan Allen | V11: =SUM(B11,D11,F11,H11,J11,L11,N11,P11,R11,T11) | W11: =COUNTIF(C11,"P")+COUNTIF(E11,"P")+COUNTIF(G11,"P")+COUNTIF(I11,"P")+COUNTIF(K11,"P")+COUNTIF(M11,"P")+COUNTIF(O11,"P")+COUNTIF(Q11,"P")+COUNTIF(S11,"P")+COUNTIF(U11,"P") | X11: =COUNTIF(C11,"A")+COUNTIF(E11,"A")+COUNTIF(G11,"A")+COUNTIF(I11,"A")+COUNTIF(K11,"A")+COUNTIF(M11,"A")+COUNTIF(O11,"A")+COUNTIF(Q11,"A")+COUNTIF(S11,"A")+COUNTIF(U11,"A") | Z11: =IF(Y11="","",Y11-V11) | AA11: =IF(OR(Y11="",Y11=0),"",V11/Y11) | AB11: =IF(OR(Y11="",Y11=0),"",IF((10-W11-X11)<=0,"N/A",Z11/(10-W11-X11))) | AC11: =IF(W11=0,"",ROUND((V11/W11)*10,0))
A12: Sai Neelagiri | V12: =SUM(B12,D12,F12,H12,J12,L12,N12,P12,R12,T12) | W12: =COUNTIF(C12,"P")+COUNTIF(E12,"P")+COUNTIF(G12,"P")+COUNTIF(I12,"P")+COUNTIF(K12,"P")+COUNTIF(M12,"P")+COUNTIF(O12,"P")+COUNTIF(Q12,"P")+COUNTIF(S12,"P")+COUNTIF(U12,"P") | X12: =COUNTIF(C12,"A")+COUNTIF(E12,"A")+COUNTIF(G12,"A")+COUNTIF(I12,"A")+COUNTIF(K12,"A")+COUNTIF(M12,"A")+COUNTIF(O12,"A")+COUNTIF(Q12,"A")+COUNTIF(S12,"A")+COUNTIF(U12,"A") | Z12: =IF(Y12="","",Y12-V12) | AA12: =IF(OR(Y12="",Y12=0),"",V12/Y12) | AB12: =IF(OR(Y12="",Y12=0),"",IF((10-W12-X12)<=0,"N/A",Z12/(10-W12-X12))) | AC12: =IF(W12=0,"",ROUND((V12/W12)*10,0))
A13: Fletcher Meese | V13: =SUM(B13,D13,F13,H13,J13,L13,N13,P13,R13,T13) | W13: =COUNTIF(C13,"P")+COUNTIF(E13,"P")+COUNTIF(G13,"P")+COUNTIF(I13,"P")+COUNTIF(K13,"P")+COUNTIF(M13,"P")+COUNTIF(O13,"P")+COUNTIF(Q13,"P")+COUNTIF(S13,"P")+COUNTIF(U13,"P") | X13: =COUNTIF(C13,"A")+COUNTIF(E13,"A")+COUNTIF(G13,"A")+COUNTIF(I13,"A")+COUNTIF(K13,"A")+COUNTIF(M13,"A")+COUNTIF(O13,"A")+COUNTIF(Q13,"A")+COUNTIF(S13,"A")+COUNTIF(U13,"A") | Z13: =IF(Y13="","",Y13-V13) | AA13: =IF(OR(Y13="",Y13=0),"",V13/Y13) | AB13: =IF(OR(Y13="",Y13=0),"",IF((10-W13-X13)<=0,"N/A",Z13/(10-W13-X13))) | AC13: =IF(W13=0,"",ROUND((V13/W13)*10,0))
A14: Elijah Aldaco | V14: =SUM(B14,D14,F14,H14,J14,L14,N14,P14,R14,T14) | W14: =COUNTIF(C14,"P")+COUNTIF(E14,"P")+COUNTIF(G14,"P")+COUNTIF(I14,"P")+COUNTIF(K14,"P")+COUNTIF(M14,"P")+COUNTIF(O14,"P")+COUNTIF(Q14,"P")+COUNTIF(S14,"P")+COUNTIF(U14,"P") | X14: =COUNTIF(C14,"A")+COUNTIF(E14,"A")+COUNTIF(G14,"A")+COUNTIF(I14,"A")+COUNTIF(K14,"A")+COUNTIF(M14,"A")+COUNTIF(O14,"A")+COUNTIF(Q14,"A")+COUNTIF(S14,"A")+COUNTIF(U14,"A") | Z14: =IF(Y14="","",Y14-V14) | AA14: =IF(OR(Y14="",Y14=0),"",V14/Y14) | AB14: =IF(OR(Y14="",Y14=0),"",IF((10-W14-X14)<=0,"N/A",Z14/(10-W14-X14))) | AC14: =IF(W14=0,"",ROUND((V14/W14)*10,0))
A15: Cain Gutierrez | V15: =SUM(B15,D15,F15,H15,J15,L15,N15,P15,R15,T15) | W15: =COUNTIF(C15,"P")+COUNTIF(E15,"P")+COUNTIF(G15,"P")+COUNTIF(I15,"P")+COUNTIF(K15,"P")+COUNTIF(M15,"P")+COUNTIF(O15,"P")+COUNTIF(Q15,"P")+COUNTIF(S15,"P")+COUNTIF(U15,"P") | X15: =COUNTIF(C15,"A")+COUNTIF(E15,"A")+COUNTIF(G15,"A")+COUNTIF(I15,"A")+COUNTIF(K15,"A")+COUNTIF(M15,"A")+COUNTIF(O15,"A")+COUNTIF(Q15,"A")+COUNTIF(S15,"A")+COUNTIF(U15,"A") | Z15: =IF(Y15="","",Y15-V15) | AA15: =IF(OR(Y15="",Y15=0),"",V15/Y15) | AB15: =IF(OR(Y15="",Y15=0),"",IF((10-W15-X15)<=0,"N/A",Z15/(10-W15-X15))) | AC15: =IF(W15=0,"",ROUND((V15/W15)*10,0))
A16: Grayson Barnhart | V16: =SUM(B16,D16,F16,H16,J16,L16,N16,P16,R16,T16) | W16: =COUNTIF(C16,"P")+COUNTIF(E16,"P")+COUNTIF(G16,"P")+COUNTIF(I16,"P")+COUNTIF(K16,"P")+COUNTIF(M16,"P")+COUNTIF(O16,"P")+COUNTIF(Q16,"P")+COUNTIF(S16,"P")+COUNTIF(U16,"P") | X16: =COUNTIF(C16,"A")+COUNTIF(E16,"A")+COUNTIF(G16,"A")+COUNTIF(I16,"A")+COUNTIF(K16,"A")+COUNTIF(M16,"A")+COUNTIF(O16,"A")+COUNTIF(Q16,"A")+COUNTIF(S16,"A")+COUNTIF(U16,"A") | Z16: =IF(Y16="","",Y16-V16) | AA16: =IF(OR(Y16="",Y16=0),"",V16/Y16) | AB16: =IF(OR(Y16="",Y16=0),"",IF((10-W16-X16)<=0,"N/A",Z16/(10-W16-X16))) | AC16: =IF(W16=0,"",ROUND((V16/W16)*10,0))
... A19: Jason Bean | V19: =SUM(B19,D19,F19,H19,J19,L19,N19,P19,R19,T19) | W19: =COUNTIF(C19,"P")+COUNTIF(E19,"P")+COUNTIF(G19,"P")+COUNTIF(I19,"P")+COUNTIF(K19,"P")+COUNTIF(M19,"P")+COUNTIF(O19,"P")+COUNTIF(Q19,"P")+COUNTIF(S19,"P")+COUNTIF(U19,"P") | X19: =COUNTIF(C19,"A")+COUNTIF(E19,"A")+COUNTIF(G19,"A")+COUNTIF(I19,"A")+COUNTIF(K19,"A")+COUNTIF(M19,"A")+COUNTIF(O19,"A")+COUNTIF(Q19,"A")+COUNTIF(S19,"A")+COUNTIF(U19,"A") | Z19: =IF(Y19="","",Y19-V19) | AA19: =IF(OR(Y19="",Y19=0),"",V19/Y19) | AB19: =IF(OR(Y19="",Y19=0),"",IF((10-W19-X19)<=0,"N/A",Z19/(10-W19-X19))) | AC19: =IF(W19=0,"",ROUND((V19/W19)*10,0))
A22: Q2 — Quarter 2
A23: Student Name | B23: Sess 1 | C23: Att 1 | D23: Sess 2 | E23: Att 2 | F23: Sess 3 | G23: Att 3 | H23: Sess 4 | I23: Att 4 | J23: Sess 5 | K23: Att 5 | L23: Sess 6 | M23: Att 6 | N23: Sess 7 | O23: Att 7 | P23: Sess 8 | Q23: Att 8 | R23: Sess 9 | S23: Att 9 | T23: Sess 10 | U23: Att 10 | V23: Min Met | W23: Sess Att | X23: Absences | Y23: IEP Req | Z23: Min Remain | AA23: % Complete | AB23: Pace Needed | AC23: Projected
A24: Raya Hightower | V24: =SUM(B24,D24,F24,H24,J24,L24,N24,P24,R24,T24) | W24: =COUNTIF(C24,"P")+COUNTIF(E24,"P")+COUNTIF(G24,"P")+COUNTIF(I24,"P")+COUNTIF(K24,"P")+COUNTIF(M24,"P")+COUNTIF(O24,"P")+COUNTIF(Q24,"P")+COUNTIF(S24,"P")+COUNTIF(U24,"P") | X24: =COUNTIF(C24,"A")+COUNTIF(E24,"A")+COUNTIF(G24,"A")+COUNTIF(I24,"A")+COUNTIF(K24,"A")+COUNTIF(M24,"A")+COUNTIF(O24,"A")+COUNTIF(Q24,"A")+COUNTIF(S24,"A")+COUNTIF(U24,"A") | Z24: =IF(Y24="","",Y24-V24) | AA24: =IF(OR(Y24="",Y24=0),"",V24/Y24) | AB24: =IF(OR(Y24="",Y24=0),"",IF((10-W24-X24)<=0,"N/A",Z24/(10-W24-X24))) | AC24: =IF(W24=0,"",ROUND((V24/W24)*10,0))
A25: Anu Vijay Anand | V25: =SUM(B25,D25,F25,H25,J25,L25,N25,P25,R25,T25) | W25: =COUNTIF(C25,"P")+COUNTIF(E25,"P")+COUNTIF(G25,"P")+COUNTIF(I25,"P")+COUNTIF(K25,"P")+COUNTIF(M25,"P")+COUNTIF(O25,"P")+COUNTIF(Q25,"P")+COUNTIF(S25,"P")+COUNTIF(U25,"P") | X25: =COUNTIF(C25,"A")+COUNTIF(E25,"A")+COUNTIF(G25,"A")+COUNTIF(I25,"A")+COUNTIF(K25,"A")+COUNTIF(M25,"A")+COUNTIF(O25,"A")+COUNTIF(Q25,"A")+COUNTIF(S25,"A")+COUNTIF(U25,"A") | Z25: =IF(Y25="","",Y25-V25) | AA25: =IF(OR(Y25="",Y25=0),"",V25/Y25) | AB25: =IF(OR(Y25="",Y25=0),"",IF((10-W25-X25)<=0,"N/A",Z25/(10-W25-X25))) | AC25: =IF(W25=0,"",ROUND((V25/W25)*10,0))
A26: Aadhya Gone | V26: =SUM(B26,D26,F26,H26,J26,L26,N26,P26,R26,T26) | W26: =COUNTIF(C26,"P")+COUNTIF(E26,"P")+COUNTIF(G26,"P")+COUNTIF(I26,"P")+COUNTIF(K26,"P")+COUNTIF(M26,"P")+COUNTIF(O26,"P")+COUNTIF(Q26,"P")+COUNTIF(S26,"P")+COUNTIF(U26,"P") | X26: =COUNTIF(C26,"A")+COUNTIF(E26,"A")+COUNTIF(G26,"A")+COUNTIF(I26,"A")+COUNTIF(K26,"A")+COUNTIF(M26,"A")+COUNTIF(O26,"A")+COUNTIF(Q26,"A")+COUNTIF(S26,"A")+COUNTIF(U26,"A") | Z26: =IF(Y26="","",Y26-V26) | AA26: =IF(OR(Y26="",Y26=0),"",V26/Y26) | AB26: =IF(OR(Y26="",Y26=0),"",IF((10-W26-X26)<=0,"N/A",Z26/(10-W26-X26))) | AC26: =IF(W26=0,"",ROUND((V26/W26)*10,0))
A27: Sumeyah Khan | V27: =SUM(B27,D27,F27,H27,J27,L27,N27,P27,R27,T27) | W27: =COUNTIF(C27,"P")+COUNTIF(E27,"P")+COUNTIF(G27,"P")+COUNTIF(I27,"P")+COUNTIF(K27,"P")+COUNTIF(M27,"P")+COUNTIF(O27,"P")+COUNTIF(Q27,"P")+COUNTIF(S27,"P")+COUNTIF(U27,"P") | X27: =COUNTIF(C27,"A")+COUNTIF(E27,"A")+COUNTIF(G27,"A")+COUNTIF(I27,"A")+COUNTIF(K27,"A")+COUNTIF(M27,"A")+COUNTIF(O27,"A")+COUNTIF(Q27,"A")+COUNTIF(S27,"A")+COUNTIF(U27,"A") | Z27: =IF(Y27="","",Y27-V27) | AA27: =IF(OR(Y27="",Y27=0),"",V27/Y27) | AB27: =IF(OR(Y27="",Y27=0),"",IF((10-W27-X27)<=0,"N/A",Z27/(10-W27-X27))) | AC27: =IF(W27=0,"",ROUND((V27/W27)*10,0))
A28: Maria Mujeeb | V28: =SUM(B28,D28,F28,H28,J28,L28,N28,P28,R28,T28) | W28: =COUNTIF(C28,"P")+COUNTIF(E28,"P")+COUNTIF(G28,"P")+COUNTIF(I28,"P")+COUNTIF(K28,"P")+COUNTIF(M28,"P")+COUNTIF(O28,"P")+COUNTIF(Q28,"P")+COUNTIF(S28,"P")+COUNTIF(U28,"P") | X28: =COUNTIF(C28,"A")+COUNTIF(E28,"A")+COUNTIF(G28,"A")+COUNTIF(I28,"A")+COUNTIF(K28,"A")+COUNTIF(M28,"A")+COUNTIF(O28,"A")+COUNTIF(Q28,"A")+COUNTIF(S28,"A")+COUNTIF(U28,"A") | Z28: =IF(Y28="","",Y28-V28) | AA28: =IF(OR(Y28="",Y28=0),"",V28/Y28) | AB28: =IF(OR(Y28="",Y28=0),"",IF((10-W28-X28)<=0,"N/A",Z28/(10-W28-X28))) | AC28: =IF(W28=0,"",ROUND((V28/W28)*10,0))
A29: Jace Ratliff | V29: =SUM(B29,D29,F29,H29,J29,L29,N29,P29,R29,T29) | W29: =COUNTIF(C29,"P")+COUNTIF(E29,"P")+COUNTIF(G29,"P")+COUNTIF(I29,"P")+COUNTIF(K29,"P")+COUNTIF(M29,"P")+COUNTIF(O29,"P")+COUNTIF(Q29,"P")+COUNTIF(S29,"P")+COUNTIF(U29,"P") | X29: =COUNTIF(C29,"A")+COUNTIF(E29,"A")+COUNTIF(G29,"A")+COUNTIF(I29,"A")+COUNTIF(K29,"A")+COUNTIF(M29,"A")+COUNTIF(O29,"A")+COUNTIF(Q29,"A")+COUNTIF(S29,"A")+COUNTIF(U29,"A") | Z29: =IF(Y29="","",Y29-V29) | AA29: =IF(OR(Y29="",Y29=0),"",V29/Y29) | AB29: =IF(OR(Y29="",Y29=0),"",IF((10-W29-X29)<=0,"N/A",Z29/(10-W29-X29))) | AC29: =IF(W29=0,"",ROUND((V29/W29)*10,0))
A30: Evan Allen | V30: =SUM(B30,D30,F30,H30,J30,L30,N30,P30,R30,T30) | W30: =COUNTIF(C30,"P")+COUNTIF(E30,"P")+COUNTIF(G30,"P")+COUNTIF(I30,"P")+COUNTIF(K30,"P")+COUNTIF(M30,"P")+COUNTIF(O30,"P")+COUNTIF(Q30,"P")+COUNTIF(S30,"P")+COUNTIF(U30,"P") | X30: =COUNTIF(C30,"A")+COUNTIF(E30,"A")+COUNTIF(G30,"A")+COUNTIF(I30,"A")+COUNTIF(K30,"A")+COUNTIF(M30,"A")+COUNTIF(O30,"A")+COUNTIF(Q30,"A")+COUNTIF(S30,"A")+COUNTIF(U30,"A") | Z30: =IF(Y30="","",Y30-V30) | AA30: =IF(OR(Y30="",Y30=0),"",V30/Y30) | AB30: =IF(OR(Y30="",Y30=0),"",IF((10-W30-X30)<=0,"N/A",Z30/(10-W30-X30))) | AC30: =IF(W30=0,"",ROUND((V30/W30)*10,0))
A31: Sai Neelagiri | V31: =SUM(B31,D31,F31,H31,J31,L31,N31,P31,R31,T31) | W31: =COUNTIF(C31,"P")+COUNTIF(E31,"P")+COUNTIF(G31,"P")+COUNTIF(I31,"P")+COUNTIF(K31,"P")+COUNTIF(M31,"P")+COUNTIF(O31,"P")+COUNTIF(Q31,"P")+COUNTIF(S31,"P")+COUNTIF(U31,"P") | X31: =COUNTIF(C31,"A")+COUNTIF(E31,"A")+COUNTIF(G31,"A")+COUNTIF(I31,"A")+COUNTIF(K31,"A")+COUNTIF(M31,"A")+COUNTIF(O31,"A")+COUNTIF(Q31,"A")+COUNTIF(S31,"A")+COUNTIF(U31,"A") | Z31: =IF(Y31="","",Y31-V31) | AA31: =IF(OR(Y31="",Y31=0),"",V31/Y31) | AB31: =IF(OR(Y31="",Y31=0),"",IF((10-W31-X31)<=0,"N/A",Z31/(10-W31-X31))) | AC31: =IF(W31=0,"",ROUND((V31/W31)*10,0))
A32: Fletcher Meese | V32: =SUM(B32,D32,F32,H32,J32,L32,N32,P32,R32,T32) | W32: =COUNTIF(C32,"P")+COUNTIF(E32,"P")+COUNTIF(G32,"P")+COUNTIF(I32,"P")+COUNTIF(K32,"P")+COUNTIF(M32,"P")+COUNTIF(O32,"P")+COUNTIF(Q32,"P")+COUNTIF(S32,"P")+COUNTIF(U32,"P") | X32: =COUNTIF(C32,"A")+COUNTIF(E32,"A")+COUNTIF(G32,"A")+COUNTIF(I32,"A")+COUNTIF(K32,"A")+COUNTIF(M32,"A")+COUNTIF(O32,"A")+COUNTIF(Q32,"A")+COUNTIF(S32,"A")+COUNTIF(U32,"A") | Z32: =IF(Y32="","",Y32-V32) | AA32: =IF(OR(Y32="",Y32=0),"",V32/Y32) | AB32: =IF(OR(Y32="",Y32=0),"",IF((10-W32-X32)<=0,"N/A",Z32/(10-W32-X32))) | AC32: =IF(W32=0,"",ROUND((V32/W32)*10,0))
A33: Elijah Aldaco | V33: =SUM(B33,D33,F33,H33,J33,L33,N33,P33,R33,T33) | W33: =COUNTIF(C33,"P")+COUNTIF(E33,"P")+COUNTIF(G33,"P")+COUNTIF(I33,"P")+COUNTIF(K33,"P")+COUNTIF(M33,"P")+COUNTIF(O33,"P")+COUNTIF(Q33,"P")+COUNTIF(S33,"P")+COUNTIF(U33,"P") | X33: =COUNTIF(C33,"A")+COUNTIF(E33,"A")+COUNTIF(G33,"A")+COUNTIF(I33,"A")+COUNTIF(K33,"A")+COUNTIF(M33,"A")+COUNTIF(O33,"A")+COUNTIF(Q33,"A")+COUNTIF(S33,"A")+COUNTIF(U33,"A") | Z33: =IF(Y33="","",Y33-V33) | AA33: =IF(OR(Y33="",Y33=0),"",V33/Y33) | AB33: =IF(OR(Y33="",Y33=0),"",IF((10-W33-X33)<=0,"N/A",Z33/(10-W33-X33))) | AC33: =IF(W33=0,"",ROUND((V33/W33)*10,0))
A34: Cain Gutierrez | V34: =SUM(B34,D34,F34,H34,J34,L34,N34,P34,R34,T34) | W34: =COUNTIF(C34,"P")+COUNTIF(E34,"P")+COUNTIF(G34,"P")+COUNTIF(I34,"P")+COUNTIF(K34,"P")+COUNTIF(M34,"P")+COUNTIF(O34,"P")+COUNTIF(Q34,"P")+COUNTIF(S34,"P")+COUNTIF(U34,"P") | X34: =COUNTIF(C34,"A")+COUNTIF(E34,"A")+COUNTIF(G34,"A")+COUNTIF(I34,"A")+COUNTIF(K34,"A")+COUNTIF(M34,"A")+COUNTIF(O34,"A")+COUNTIF(Q34,"A")+COUNTIF(S34,"A")+COUNTIF(U34,"A") | Z34: =IF(Y34="","",Y34-V34) | AA34: =IF(OR(Y34="",Y34=0),"",V34/Y34) | AB34: =IF(OR(Y34="",Y34=0),"",IF((10-W34-X34)<=0,"N/A",Z34/(10-W34-X34))) | AC34: =IF(W34=0,"",ROUND((V34/W34)*10,0))
A35: Grayson Barnhart | V35: =SUM(B35,D35,F35,H35,J35,L35,N35,P35,R35,T35) | W35: =COUNTIF(C35,"P")+COUNTIF(E35,"P")+COUNTIF(G35,"P")+COUNTIF(I35,"P")+COUNTIF(K35,"P")+COUNTIF(M35,"P")+COUNTIF(O35,"P")+COUNTIF(Q35,"P")+COUNTIF(S35,"P")+COUNTIF(U35,"P") | X35: =COUNTIF(C35,"A")+COUNTIF(E35,"A")+COUNTIF(G35,"A")+COUNTIF(I35,"A")+COUNTIF(K35,"A")+COUNTIF(M35,"A")+COUNTIF(O35,"A")+COUNTIF(Q35,"A")+COUNTIF(S35,"A")+COUNTIF(U35,"A") | Z35: =IF(Y35="","",Y35-V35) | AA35: =IF(OR(Y35="",Y35=0),"",V35/Y35) | AB35: =IF(OR(Y35="",Y35=0),"",IF((10-W35-X35)<=0,"N/A",Z35/(10-W35-X35))) | AC35: =IF(W35=0,"",ROUND((V35/W35)*10,0))
... A38: Jason Bean | V38: =SUM(B38,D38,F38,H38,J38,L38,N38,P38,R38,T38) | W38: =COUNTIF(C38,"P")+COUNTIF(E38,"P")+COUNTIF(G38,"P")+COUNTIF(I38,"P")+COUNTIF(K38,"P")+COUNTIF(M38,"P")+COUNTIF(O38,"P")+COUNTIF(Q38,"P")+COUNTIF(S38,"P")+COUNTIF(U38,"P") | X38: =COUNTIF(C38,"A")+COUNTIF(E38,"A")+COUNTIF(G38,"A")+COUNTIF(I38,"A")+COUNTIF(K38,"A")+COUNTIF(M38,"A")+COUNTIF(O38,"A")+COUNTIF(Q38,"A")+COUNTIF(S38,"A")+COUNTIF(U38,"A") | Z38: =IF(Y38="","",Y38-V38) | AA38: =IF(OR(Y38="",Y38=0),"",V38/Y38) | AB38: =IF(OR(Y38="",Y38=0),"",IF((10-W38-X38)<=0,"N/A",Z38/(10-W38-X38))) | AC38: =IF(W38=0,"",ROUND((V38/W38)*10,0))
A41: Q3 — Quarter 3
A42: Student Name | B42: Sess 1 | C42: Att 1 | D42: Sess 2 | E42: Att 2 | F42: Sess 3 | G42: Att 3 | H42: Sess 4 | I42: Att 4 | J42: Sess 5 | K42: Att 5 | L42: Sess 6 | M42: Att 6 | N42: Sess 7 | O42: Att 7 | P42: Sess 8 | Q42: Att 8 | R42: Sess 9 | S42: Att 9 | T42: Sess 10 | U42: Att 10 | V42: Min Met | W42: Sess Att | X42: Absences | Y42: IEP Req | Z42: Min Remain | AA42: % Complete | AB42: Pace Needed | AC42: Projected
A43: Raya Hightower | V43: =SUM(B43,D43,F43,H43,J43,L43,N43,P43,R43,T43) | W43: =COUNTIF(C43,"P")+COUNTIF(E43,"P")+COUNTIF(G43,"P")+COUNTIF(I43,"P")+COUNTIF(K43,"P")+COUNTIF(M43,"P")+COUNTIF(O43,"P")+COUNTIF(Q43,"P")+COUNTIF(S43,"P")+COUNTIF(U43,"P") | X43: =COUNTIF(C43,"A")+COUNTIF(E43,"A")+COUNTIF(G43,"A")+COUNTIF(I43,"A")+COUNTIF(K43,"A")+COUNTIF(M43,"A")+COUNTIF(O43,"A")+COUNTIF(Q43,"A")+COUNTIF(S43,"A")+COUNTIF(U43,"A") | Z43: =IF(Y43="","",Y43-V43) | AA43: =IF(OR(Y43="",Y43=0),"",V43/Y43) | AB43: =IF(OR(Y43="",Y43=0),"",IF((10-W43-X43)<=0,"N/A",Z43/(10-W43-X43))) | AC43: =IF(W43=0,"",ROUND((V43/W43)*10,0))
A44: Anu Vijay Anand | V44: =SUM(B44,D44,F44,H44,J44,L44,N44,P44,R44,T44) | W44: =COUNTIF(C44,"P")+COUNTIF(E44,"P")+COUNTIF(G44,"P")+COUNTIF(I44,"P")+COUNTIF(K44,"P")+COUNTIF(M44,"P")+COUNTIF(O44,"P")+COUNTIF(Q44,"P")+COUNTIF(S44,"P")+COUNTIF(U44,"P") | X44: =COUNTIF(C44,"A")+COUNTIF(E44,"A")+COUNTIF(G44,"A")+COUNTIF(I44,"A")+COUNTIF(K44,"A")+COUNTIF(M44,"A")+COUNTIF(O44,"A")+COUNTIF(Q44,"A")+COUNTIF(S44,"A")+COUNTIF(U44,"A") | Z44: =IF(Y44="","",Y44-V44) | AA44: =IF(OR(Y44="",Y44=0),"",V44/Y44) | AB44: =IF(OR(Y44="",Y44=0),"",IF((10-W44-X44)<=0,"N/A",Z44/(10-W44-X44))) | AC44: =IF(W44=0,"",ROUND((V44/W44)*10,0))
A45: Aadhya Gone | V45: =SUM(B45,D45,F45,H45,J45,L45,N45,P45,R45,T45) | W45: =COUNTIF(C45,"P")+COUNTIF(E45,"P")+COUNTIF(G45,"P")+COUNTIF(I45,"P")+COUNTIF(K45,"P")+COUNTIF(M45,"P")+COUNTIF(O45,"P")+COUNTIF(Q45,"P")+COUNTIF(S45,"P")+COUNTIF(U45,"P") | X45: =COUNTIF(C45,"A")+COUNTIF(E45,"A")+COUNTIF(G45,"A")+COUNTIF(I45,"A")+COUNTIF(K45,"A")+COUNTIF(M45,"A")+COUNTIF(O45,"A")+COUNTIF(Q45,"A")+COUNTIF(S45,"A")+COUNTIF(U45,"A") | Z45: =IF(Y45="","",Y45-V45) | AA45: =IF(OR(Y45="",Y45=0),"",V45/Y45) | AB45: =IF(OR(Y45="",Y45=0),"",IF((10-W45-X45)<=0,"N/A",Z45/(10-W45-X45))) | AC45: =IF(W45=0,"",ROUND((V45/W45)*10,0))
A46: Sumeyah Khan | V46: =SUM(B46,D46,F46,H46,J46,L46,N46,P46,R46,T46) | W46: =COUNTIF(C46,"P")+COUNTIF(E46,"P")+COUNTIF(G46,"P")+COUNTIF(I46,"P")+COUNTIF(K46,"P")+COUNTIF(M46,"P")+COUNTIF(O46,"P")+COUNTIF(Q46,"P")+COUNTIF(S46,"P")+COUNTIF(U46,"P") | X46: =COUNTIF(C46,"A")+COUNTIF(E46,"A")+COUNTIF(G46,"A")+COUNTIF(I46,"A")+COUNTIF(K46,"A")+COUNTIF(M46,"A")+COUNTIF(O46,"A")+COUNTIF(Q46,"A")+COUNTIF(S46,"A")+COUNTIF(U46,"A") | Z46: =IF(Y46="","",Y46-V46) | AA46: =IF(OR(Y46="",Y46=0),"",V46/Y46) | AB46: =IF(OR(Y46="",Y46=0),"",IF((10-W46-X46)<=0,"N/A",Z46/(10-W46-X46))) | AC46: =IF(W46=0,"",ROUND((V46/W46)*10,0))
A47: Maria Mujeeb | V47: =SUM(B47,D47,F47,H47,J47,L47,N47,P47,R47,T47) | W47: =COUNTIF(C47,"P")+COUNTIF(E47,"P")+COUNTIF(G47,"P")+COUNTIF(I47,"P")+COUNTIF(K47,"P")+COUNTIF(M47,"P")+COUNTIF(O47,"P")+COUNTIF(Q47,"P")+COUNTIF(S47,"P")+COUNTIF(U47,"P") | X47: =COUNTIF(C47,"A")+COUNTIF(E47,"A")+COUNTIF(G47,"A")+COUNTIF(I47,"A")+COUNTIF(K47,"A")+COUNTIF(M47,"A")+COUNTIF(O47,"A")+COUNTIF(Q47,"A")+COUNTIF(S47,"A")+COUNTIF(U47,"A") | Z47: =IF(Y47="","",Y47-V47) | AA47: =IF(OR(Y47="",Y47=0),"",V47/Y47) | AB47: =IF(OR(Y47="",Y47=0),"",IF((10-W47-X47)<=0,"N/A",Z47/(10-W47-X47))) | AC47: =IF(W47=0,"",ROUND((V47/W47)*10,0))
A48: Jace Ratliff | V48: =SUM(B48,D48,F48,H48,J48,L48,N48,P48,R48,T48) | W48: =COUNTIF(C48,"P")+COUNTIF(E48,"P")+COUNTIF(G48,"P")+COUNTIF(I48,"P")+COUNTIF(K48,"P")+COUNTIF(M48,"P")+COUNTIF(O48,"P")+COUNTIF(Q48,"P")+COUNTIF(S48,"P")+COUNTIF(U48,"P") | X48: =COUNTIF(C48,"A")+COUNTIF(E48,"A")+COUNTIF(G48,"A")+COUNTIF(I48,"A")+COUNTIF(K48,"A")+COUNTIF(M48,"A")+COUNTIF(O48,"A")+COUNTIF(Q48,"A")+COUNTIF(S48,"A")+COUNTIF(U48,"A") | Z48: =IF(Y48="","",Y48-V48) | AA48: =IF(OR(Y48="",Y48=0),"",V48/Y48) | AB48: =IF(OR(Y48="",Y48=0),"",IF((10-W48-X48)<=0,"N/A",Z48/(10-W48-X48))) | AC48: =IF(W48=0,"",ROUND((V48/W48)*10,0))
A49: Evan Allen | V49: =SUM(B49,D49,F49,H49,J49,L49,N49,P49,R49,T49) | W49: =COUNTIF(C49,"P")+COUNTIF(E49,"P")+COUNTIF(G49,"P")+COUNTIF(I49,"P")+COUNTIF(K49,"P")+COUNTIF(M49,"P")+COUNTIF(O49,"P")+COUNTIF(Q49,"P")+COUNTIF(S49,"P")+COUNTIF(U49,"P") | X49: =COUNTIF(C49,"A")+COUNTIF(E49,"A")+COUNTIF(G49,"A")+COUNTIF(I49,"A")+COUNTIF(K49,"A")+COUNTIF(M49,"A")+COUNTIF(O49,"A")+COUNTIF(Q49,"A")+COUNTIF(S49,"A")+COUNTIF(U49,"A") | Z49: =IF(Y49="","",Y49-V49) | AA49: =IF(OR(Y49="",Y49=0),"",V49/Y49) | AB49: =IF(OR(Y49="",Y49=0),"",IF((10-W49-X49)<=0,"N/A",Z49/(10-W49-X49))) | AC49: =IF(W49=0,"",ROUND((V49/W49)*10,0))
A50: Sai Neelagiri | V50: =SUM(B50,D50,F50,H50,J50,L50,N50,P50,R50,T50) | W50: =COUNTIF(C50,"P")+COUNTIF(E50,"P")+COUNTIF(G50,"P")+COUNTIF(I50,"P")+COUNTIF(K50,"P")+COUNTIF(M50,"P")+COUNTIF(O50,"P")+COUNTIF(Q50,"P")+COUNTIF(S50,"P")+COUNTIF(U50,"P") | X50: =COUNTIF(C50,"A")+COUNTIF(E50,"A")+COUNTIF(G50,"A")+COUNTIF(I50,"A")+COUNTIF(K50,"A")+COUNTIF(M50,"A")+COUNTIF(O50,"A")+COUNTIF(Q50,"A")+COUNTIF(S50,"A")+COUNTIF(U50,"A") | Z50: =IF(Y50="","",Y50-V50) | AA50: =IF(OR(Y50="",Y50=0),"",V50/Y50) | AB50: =IF(OR(Y50="",Y50=0),"",IF((10-W50-X50)<=0,"N/A",Z50/(10-W50-X50))) | AC50: =IF(W50=0,"",ROUND((V50/W50)*10,0))
A51: Fletcher Meese | V51: =SUM(B51,D51,F51,H51,J51,L51,N51,P51,R51,T51) | W51: =COUNTIF(C51,"P")+COUNTIF(E51,"P")+COUNTIF(G51,"P")+COUNTIF(I51,"P")+COUNTIF(K51,"P")+COUNTIF(M51,"P")+COUNTIF(O51,"P")+COUNTIF(Q51,"P")+COUNTIF(S51,"P")+COUNTIF(U51,"P") | X51: =COUNTIF(C51,"A")+COUNTIF(E51,"A")+COUNTIF(G51,"A")+COUNTIF(I51,"A")+COUNTIF(K51,"A")+COUNTIF(M51,"A")+COUNTIF(O51,"A")+COUNTIF(Q51,"A")+COUNTIF(S51,"A")+COUNTIF(U51,"A") | Z51: =IF(Y51="","",Y51-V51) | AA51: =IF(OR(Y51="",Y51=0),"",V51/Y51) | AB51: =IF(OR(Y51="",Y51=0),"",IF((10-W51-X51)<=0,"N/A",Z51/(10-W51-X51))) | AC51: =IF(W51=0,"",ROUND((V51/W51)*10,0))
A52: Elijah Aldaco | V52: =SUM(B52,D52,F52,H52,J52,L52,N52,P52,R52,T52) | W52: =COUNTIF(C52,"P")+COUNTIF(E52,"P")+COUNTIF(G52,"P")+COUNTIF(I52,"P")+COUNTIF(K52,"P")+COUNTIF(M52,"P")+COUNTIF(O52,"P")+COUNTIF(Q52,"P")+COUNTIF(S52,"P")+COUNTIF(U52,"P") | X52: =COUNTIF(C52,"A")+COUNTIF(E52,"A")+COUNTIF(G52,"A")+COUNTIF(I52,"A")+COUNTIF(K52,"A")+COUNTIF(M52,"A")+COUNTIF(O52,"A")+COUNTIF(Q52,"A")+COUNTIF(S52,"A")+COUNTIF(U52,"A") | Z52: =IF(Y52="","",Y52-V52) | AA52: =IF(OR(Y52="",Y52=0),"",V52/Y52) | AB52: =IF(OR(Y52="",Y52=0),"",IF((10-W52-X52)<=0,"N/A",Z52/(10-W52-X52))) | AC52: =IF(W52=0,"",ROUND((V52/W52)*10,0))
A53: Cain Gutierrez | V53: =SUM(B53,D53,F53,H53,J53,L53,N53,P53,R53,T53) | W53: =COUNTIF(C53,"P")+COUNTIF(E53,"P")+COUNTIF(G53,"P")+COUNTIF(I53,"P")+COUNTIF(K53,"P")+COUNTIF(M53,"P")+COUNTIF(O53,"P")+COUNTIF(Q53,"P")+COUNTIF(S53,"P")+COUNTIF(U53,"P") | X53: =COUNTIF(C53,"A")+COUNTIF(E53,"A")+COUNTIF(G53,"A")+COUNTIF(I53,"A")+COUNTIF(K53,"A")+COUNTIF(M53,"A")+COUNTIF(O53,"A")+COUNTIF(Q53,"A")+COUNTIF(S53,"A")+COUNTIF(U53,"A") | Z53: =IF(Y53="","",Y53-V53) | AA53: =IF(OR(Y53="",Y53=0),"",V53/Y53) | AB53: =IF(OR(Y53="",Y53=0),"",IF((10-W53-X53)<=0,"N/A",Z53/(10-W53-X53))) | AC53: =IF(W53=0,"",ROUND((V53/W53)*10,0))
A54: Grayson Barnhart | V54: =SUM(B54,D54,F54,H54,J54,L54,N54,P54,R54,T54) | W54: =COUNTIF(C54,"P")+COUNTIF(E54,"P")+COUNTIF(G54,"P")+COUNTIF(I54,"P")+COUNTIF(K54,"P")+COUNTIF(M54,"P")+COUNTIF(O54,"P")+COUNTIF(Q54,"P")+COUNTIF(S54,"P")+COUNTIF(U54,"P") | X54: =COUNTIF(C54,"A")+COUNTIF(E54,"A")+COUNTIF(G54,"A")+COUNTIF(I54,"A")+COUNTIF(K54,"A")+COUNTIF(M54,"A")+COUNTIF(O54,"A")+COUNTIF(Q54,"A")+COUNTIF(S54,"A")+COUNTIF(U54,"A") | Z54: =IF(Y54="","",Y54-V54) | AA54: =IF(OR(Y54="",Y54=0),"",V54/Y54) | AB54: =IF(OR(Y54="",Y54=0),"",IF((10-W54-X54)<=0,"N/A",Z54/(10-W54-X54))) | AC54: =IF(W54=0,"",ROUND((V54/W54)*10,0))
... A57: Jason Bean | V57: =SUM(B57,D57,F57,H57,J57,L57,N57,P57,R57,T57) | W57: =COUNTIF(C57,"P")+COUNTIF(E57,"P")+COUNTIF(G57,"P")+COUNTIF(I57,"P")+COUNTIF(K57,"P")+COUNTIF(M57,"P")+COUNTIF(O57,"P")+COUNTIF(Q57,"P")+COUNTIF(S57,"P")+COUNTIF(U57,"P") | X57: =COUNTIF(C57,"A")+COUNTIF(E57,"A")+COUNTIF(G57,"A")+COUNTIF(I57,"A")+COUNTIF(K57,"A")+COUNTIF(M57,"A")+COUNTIF(O57,"A")+COUNTIF(Q57,"A")+COUNTIF(S57,"A")+COUNTIF(U57,"A") | Z57: =IF(Y57="","",Y57-V57) | AA57: =IF(OR(Y57="",Y57=0),"",V57/Y57) | AB57: =IF(OR(Y57="",Y57=0),"",IF((10-W57-X57)<=0,"N/A",Z57/(10-W57-X57))) | AC57: =IF(W57=0,"",ROUND((V57/W57)*10,0))
A60: Q4 — Quarter 4
A61: Student Name | B61: Sess 1 | C61: Att 1 | D61: Sess 2 | E61: Att 2 | F61: Sess 3 | G61: Att 3 | H61: Sess 4 | I61: Att 4 | J61: Sess 5 | K61: Att 5 | L61: Sess 6 | M61: Att 6 | N61: Sess 7 | O61: Att 7 | P61: Sess 8 | Q61: Att 8 | R61: Sess 9 | S61: Att 9 | T61: Sess 10 | U61: Att 10 | V61: Min Met | W61: Sess Att | X61: Absences | Y61: IEP Req | Z61: Min Remain | AA61: % Complete | AB61: Pace Needed | AC61: Projected
A62: Raya Hightower | V62: =SUM(B62,D62,F62,H62,J62,L62,N62,P62,R62,T62) | W62: =COUNTIF(C62,"P")+COUNTIF(E62,"P")+COUNTIF(G62,"P")+COUNTIF(I62,"P")+COUNTIF(K62,"P")+COUNTIF(M62,"P")+COUNTIF(O62,"P")+COUNTIF(Q62,"P")+COUNTIF(S62,"P")+COUNTIF(U62,"P") | X62: =COUNTIF(C62,"A")+COUNTIF(E62,"A")+COUNTIF(G62,"A")+COUNTIF(I62,"A")+COUNTIF(K62,"A")+COUNTIF(M62,"A")+COUNTIF(O62,"A")+COUNTIF(Q62,"A")+COUNTIF(S62,"A")+COUNTIF(U62,"A") | Z62: =IF(Y62="","",Y62-V62) | AA62: =IF(OR(Y62="",Y62=0),"",V62/Y62) | AB62: =IF(OR(Y62="",Y62=0),"",IF((10-W62-X62)<=0,"N/A",Z62/(10-W62-X62))) | AC62: =IF(W62=0,"",ROUND((V62/W62)*10,0))
A63: Anu Vijay Anand | V63: =SUM(B63,D63,F63,H63,J63,L63,N63,P63,R63,T63) | W63: =COUNTIF(C63,"P")+COUNTIF(E63,"P")+COUNTIF(G63,"P")+COUNTIF(I63,"P")+COUNTIF(K63,"P")+COUNTIF(M63,"P")+COUNTIF(O63,"P")+COUNTIF(Q63,"P")+COUNTIF(S63,"P")+COUNTIF(U63,"P") | X63: =COUNTIF(C63,"A")+COUNTIF(E63,"A")+COUNTIF(G63,"A")+COUNTIF(I63,"A")+COUNTIF(K63,"A")+COUNTIF(M63,"A")+COUNTIF(O63,"A")+COUNTIF(Q63,"A")+COUNTIF(S63,"A")+COUNTIF(U63,"A") | Z63: =IF(Y63="","",Y63-V63) | AA63: =IF(OR(Y63="",Y63=0),"",V63/Y63) | AB63: =IF(OR(Y63="",Y63=0),"",IF((10-W63-X63)<=0,"N/A",Z63/(10-W63-X63))) | AC63: =IF(W63=0,"",ROUND((V63/W63)*10,0))
A64: Aadhya Gone | V64: =SUM(B64,D64,F64,H64,J64,L64,N64,P64,R64,T64) | W64: =COUNTIF(C64,"P")+COUNTIF(E64,"P")+COUNTIF(G64,"P")+COUNTIF(I64,"P")+COUNTIF(K64,"P")+COUNTIF(M64,"P")+COUNTIF(O64,"P")+COUNTIF(Q64,"P")+COUNTIF(S64,"P")+COUNTIF(U64,"P") | X64: =COUNTIF(C64,"A")+COUNTIF(E64,"A")+COUNTIF(G64,"A")+COUNTIF(I64,"A")+COUNTIF(K64,"A")+COUNTIF(M64,"A")+COUNTIF(O64,"A")+COUNTIF(Q64,"A")+COUNTIF(S64,"A")+COUNTIF(U64,"A") | Z64: =IF(Y64="","",Y64-V64) | AA64: =IF(OR(Y64="",Y64=0),"",V64/Y64) | AB64: =IF(OR(Y64="",Y64=0),"",IF((10-W64-X64)<=0,"N/A",Z64/(10-W64-X64))) | AC64: =IF(W64=0,"",ROUND((V64/W64)*10,0))
A65: Sumeyah Khan | V65: =SUM(B65,D65,F65,H65,J65,L65,N65,P65,R65,T65) | W65: =COUNTIF(C65,"P")+COUNTIF(E65,"P")+COUNTIF(G65,"P")+COUNTIF(I65,"P")+COUNTIF(K65,"P")+COUNTIF(M65,"P")+COUNTIF(O65,"P")+COUNTIF(Q65,"P")+COUNTIF(S65,"P")+COUNTIF(U65,"P") | X65: =COUNTIF(C65,"A")+COUNTIF(E65,"A")+COUNTIF(G65,"A")+COUNTIF(I65,"A")+COUNTIF(K65,"A")+COUNTIF(M65,"A")+COUNTIF(O65,"A")+COUNTIF(Q65,"A")+COUNTIF(S65,"A")+COUNTIF(U65,"A") | Z65: =IF(Y65="","",Y65-V65) | AA65: =IF(OR(Y65="",Y65=0),"",V65/Y65) | AB65: =IF(OR(Y65="",Y65=0),"",IF((10-W65-X65)<=0,"N/A",Z65/(10-W65-X65))) | AC65: =IF(W65=0,"",ROUND((V65/W65)*10,0))
A66: Maria Mujeeb | V66: =SUM(B66,D66,F66,H66,J66,L66,N66,P66,R66,T66) | W66: =COUNTIF(C66,"P")+COUNTIF(E66,"P")+COUNTIF(G66,"P")+COUNTIF(I66,"P")+COUNTIF(K66,"P")+COUNTIF(M66,"P")+COUNTIF(O66,"P")+COUNTIF(Q66,"P")+COUNTIF(S66,"P")+COUNTIF(U66,"P") | X66: =COUNTIF(C66,"A")+COUNTIF(E66,"A")+COUNTIF(G66,"A")+COUNTIF(I66,"A")+COUNTIF(K66,"A")+COUNTIF(M66,"A")+COUNTIF(O66,"A")+COUNTIF(Q66,"A")+COUNTIF(S66,"A")+COUNTIF(U66,"A") | Z66: =IF(Y66="","",Y66-V66) | AA66: =IF(OR(Y66="",Y66=0),"",V66/Y66) | AB66: =IF(OR(Y66="",Y66=0),"",IF((10-W66-X66)<=0,"N/A",Z66/(10-W66-X66))) | AC66: =IF(W66=0,"",ROUND((V66/W66)*10,0))
A67: Jace Ratliff | V67: =SUM(B67,D67,F67,H67,J67,L67,N67,P67,R67,T67) | W67: =COUNTIF(C67,"P")+COUNTIF(E67,"P")+COUNTIF(G67,"P")+COUNTIF(I67,"P")+COUNTIF(K67,"P")+COUNTIF(M67,"P")+COUNTIF(O67,"P")+COUNTIF(Q67,"P")+COUNTIF(S67,"P")+COUNTIF(U67,"P") | X67: =COUNTIF(C67,"A")+COUNTIF(E67,"A")+COUNTIF(G67,"A")+COUNTIF(I67,"A")+COUNTIF(K67,"A")+COUNTIF(M67,"A")+COUNTIF(O67,"A")+COUNTIF(Q67,"A")+COUNTIF(S67,"A")+COUNTIF(U67,"A") | Z67: =IF(Y67="","",Y67-V67) | AA67: =IF(OR(Y67="",Y67=0),"",V67/Y67) | AB67: =IF(OR(Y67="",Y67=0),"",IF((10-W67-X67)<=0,"N/A",Z67/(10-W67-X67))) | AC67: =IF(W67=0,"",ROUND((V67/W67)*10,0))
A68: Evan Allen | V68: =SUM(B68,D68,F68,H68,J68,L68,N68,P68,R68,T68) | W68: =COUNTIF(C68,"P")+COUNTIF(E68,"P")+COUNTIF(G68,"P")+COUNTIF(I68,"P")+COUNTIF(K68,"P")+COUNTIF(M68,"P")+COUNTIF(O68,"P")+COUNTIF(Q68,"P")+COUNTIF(S68,"P")+COUNTIF(U68,"P") | X68: =COUNTIF(C68,"A")+COUNTIF(E68,"A")+COUNTIF(G68,"A")+COUNTIF(I68,"A")+COUNTIF(K68,"A")+COUNTIF(M68,"A")+COUNTIF(O68,"A")+COUNTIF(Q68,"A")+COUNTIF(S68,"A")+COUNTIF(U68,"A") | Z68: =IF(Y68="","",Y68-V68) | AA68: =IF(OR(Y68="",Y68=0),"",V68/Y68) | AB68: =IF(OR(Y68="",Y68=0),"",IF((10-W68-X68)<=0,"N/A",Z68/(10-W68-X68))) | AC68: =IF(W68=0,"",ROUND((V68/W68)*10,0))
A69: Sai Neelagiri | V69: =SUM(B69,D69,F69,H69,J69,L69,N69,P69,R69,T69) | W69: =COUNTIF(C69,"P")+COUNTIF(E69,"P")+COUNTIF(G69,"P")+COUNTIF(I69,"P")+COUNTIF(K69,"P")+COUNTIF(M69,"P")+COUNTIF(O69,"P")+COUNTIF(Q69,"P")+COUNTIF(S69,"P")+COUNTIF(U69,"P") | X69: =COUNTIF(C69,"A")+COUNTIF(E69,"A")+COUNTIF(G69,"A")+COUNTIF(I69,"A")+COUNTIF(K69,"A")+COUNTIF(M69,"A")+COUNTIF(O69,"A")+COUNTIF(Q69,"A")+COUNTIF(S69,"A")+COUNTIF(U69,"A") | Z69: =IF(Y69="","",Y69-V69) | AA69: =IF(OR(Y69="",Y69=0),"",V69/Y69) | AB69: =IF(OR(Y69="",Y69=0),"",IF((10-W69-X69)<=0,"N/A",Z69/(10-W69-X69))) | AC69: =IF(W69=0,"",ROUND((V69/W69)*10,0))
A70: Fletcher Meese | V70: =SUM(B70,D70,F70,H70,J70,L70,N70,P70,R70,T70) | W70: =COUNTIF(C70,"P")+COUNTIF(E70,"P")+COUNTIF(G70,"P")+COUNTIF(I70,"P")+COUNTIF(K70,"P")+COUNTIF(M70,"P")+COUNTIF(O70,"P")+COUNTIF(Q70,"P")+COUNTIF(S70,"P")+COUNTIF(U70,"P") | X70: =COUNTIF(C70,"A")+COUNTIF(E70,"A")+COUNTIF(G70,"A")+COUNTIF(I70,"A")+COUNTIF(K70,"A")+COUNTIF(M70,"A")+COUNTIF(O70,"A")+COUNTIF(Q70,"A")+COUNTIF(S70,"A")+COUNTIF(U70,"A") | Z70: =IF(Y70="","",Y70-V70) | AA70: =IF(OR(Y70="",Y70=0),"",V70/Y70) | AB70: =IF(OR(Y70="",Y70=0),"",IF((10-W70-X70)<=0,"N/A",Z70/(10-W70-X70))) | AC70: =IF(W70=0,"",ROUND((V70/W70)*10,0))
A71: Elijah Aldaco | V71: =SUM(B71,D71,F71,H71,J71,L71,N71,P71,R71,T71) | W71: =COUNTIF(C71,"P")+COUNTIF(E71,"P")+COUNTIF(G71,"P")+COUNTIF(I71,"P")+COUNTIF(K71,"P")+COUNTIF(M71,"P")+COUNTIF(O71,"P")+COUNTIF(Q71,"P")+COUNTIF(S71,"P")+COUNTIF(U71,"P") | X71: =COUNTIF(C71,"A")+COUNTIF(E71,"A")+COUNTIF(G71,"A")+COUNTIF(I71,"A")+COUNTIF(K71,"A")+COUNTIF(M71,"A")+COUNTIF(O71,"A")+COUNTIF(Q71,"A")+COUNTIF(S71,"A")+COUNTIF(U71,"A") | Z71: =IF(Y71="","",Y71-V71) | AA71: =IF(OR(Y71="",Y71=0),"",V71/Y71) | AB71: =IF(OR(Y71="",Y71=0),"",IF((10-W71-X71)<=0,"N/A",Z71/(10-W71-X71))) | AC71: =IF(W71=0,"",ROUND((V71/W71)*10,0))
A72: Cain Gutierrez | V72: =SUM(B72,D72,F72,H72,J72,L72,N72,P72,R72,T72) | W72: =COUNTIF(C72,"P")+COUNTIF(E72,"P")+COUNTIF(G72,"P")+COUNTIF(I72,"P")+COUNTIF(K72,"P")+COUNTIF(M72,"P")+COUNTIF(O72,"P")+COUNTIF(Q72,"P")+COUNTIF(S72,"P")+COUNTIF(U72,"P") | X72: =COUNTIF(C72,"A")+COUNTIF(E72,"A")+COUNTIF(G72,"A")+COUNTIF(I72,"A")+COUNTIF(K72,"A")+COUNTIF(M72,"A")+COUNTIF(O72,"A")+COUNTIF(Q72,"A")+COUNTIF(S72,"A")+COUNTIF(U72,"A") | Z72: =IF(Y72="","",Y72-V72) | AA72: =IF(OR(Y72="",Y72=0),"",V72/Y72) | AB72: =IF(OR(Y72="",Y72=0),"",IF((10-W72-X72)<=0,"N/A",Z72/(10-W72-X72))) | AC72: =IF(W72=0,"",ROUND((V72/W72)*10,0))
A73: Grayson Barnhart | V73: =SUM(B73,D73,F73,H73,J73,L73,N73,P73,R73,T73) | W73: =COUNTIF(C73,"P")+COUNTIF(E73,"P")+COUNTIF(G73,"P")+COUNTIF(I73,"P")+COUNTIF(K73,"P")+COUNTIF(M73,"P")+COUNTIF(O73,"P")+COUNTIF(Q73,"P")+COUNTIF(S73,"P")+COUNTIF(U73,"P") | X73: =COUNTIF(C73,"A")+COUNTIF(E73,"A")+COUNTIF(G73,"A")+COUNTIF(I73,"A")+COUNTIF(K73,"A")+COUNTIF(M73,"A")+COUNTIF(O73,"A")+COUNTIF(Q73,"A")+COUNTIF(S73,"A")+COUNTIF(U73,"A") | Z73: =IF(Y73="","",Y73-V73) | AA73: =IF(OR(Y73="",Y73=0),"",V73/Y73) | AB73: =IF(OR(Y73="",Y73=0),"",IF((10-W73-X73)<=0,"N/A",Z73/(10-W73-X73))) | AC73: =IF(W73=0,"",ROUND((V73/W73)*10,0))
... A76: Jason Bean | V76: =SUM(B76,D76,F76,H76,J76,L76,N76,P76,R76,T76) | W76: =COUNTIF(C76,"P")+COUNTIF(E76,"P")+COUNTIF(G76,"P")+COUNTIF(I76,"P")+COUNTIF(K76,"P")+COUNTIF(M76,"P")+COUNTIF(O76,"P")+COUNTIF(Q76,"P")+COUNTIF(S76,"P")+COUNTIF(U76,"P") | X76: =COUNTIF(C76,"A")+COUNTIF(E76,"A")+COUNTIF(G76,"A")+COUNTIF(I76,"A")+COUNTIF(K76,"A")+COUNTIF(M76,"A")+COUNTIF(O76,"A")+COUNTIF(Q76,"A")+COUNTIF(S76,"A")+COUNTIF(U76,"A") | Z76: =IF(Y76="","",Y76-V76) | AA76: =IF(OR(Y76="",Y76=0),"",V76/Y76) | AB76: =IF(OR(Y76="",Y76=0),"",IF((10-W76-X76)<=0,"N/A",Z76/(10-W76-X76))) | AC76: =IF(W76=0,"",ROUND((V76/W76)*10,0))

Sheet Inclusion Support
A1: Inclusion Support — SPED Minute Tracker
A3: Q1 — Quarter 1
A4: Student Name | B4: Sess 1 | C4: Att 1 | D4: Sess 2 | E4: Att 2 | F4: Sess 3 | G4: Att 3 | H4: Sess 4 | I4: Att 4 | J4: Sess 5 | K4: Att 5 | L4: Sess 6 | M4: Att 6 | N4: Sess 7 | O4: Att 7 | P4: Sess 8 | Q4: Att 8 | R4: Sess 9 | S4: Att 9 | T4: Sess 10 | U4: Att 10 | V4: Min Met | W4: Sess Att | X4: Absences | Y4: IEP Req | Z4: Min Remain | AA4: % Complete | AB4: Pace Needed | AC4: Projected
A5: Raya Hightower | V5: =SUM(B5,D5,F5,H5,J5,L5,N5,P5,R5,T5) | W5: =COUNTIF(C5,"P")+COUNTIF(E5,"P")+COUNTIF(G5,"P")+COUNTIF(I5,"P")+COUNTIF(K5,"P")+COUNTIF(M5,"P")+COUNTIF(O5,"P")+COUNTIF(Q5,"P")+COUNTIF(S5,"P")+COUNTIF(U5,"P") | X5: =COUNTIF(C5,"A")+COUNTIF(E5,"A")+COUNTIF(G5,"A")+COUNTIF(I5,"A")+COUNTIF(K5,"A")+COUNTIF(M5,"A")+COUNTIF(O5,"A")+COUNTIF(Q5,"A")+COUNTIF(S5,"A")+COUNTIF(U5,"A") | Z5: =IF(Y5="","",Y5-V5) | AA5: =IF(OR(Y5="",Y5=0),"",V5/Y5) | AB5: =IF(OR(Y5="",Y5=0),"",IF((10-W5-X5)<=0,"N/A",Z5/(10-W5-X5))) | AC5: =IF(W5=0,"",ROUND((V5/W5)*10,0))
A6: Anu Vijay Anand | V6: =SUM(B6,D6,F6,H6,J6,L6,N6,P6,R6,T6) | W6: =COUNTIF(C6,"P")+COUNTIF(E6,"P")+COUNTIF(G6,"P")+COUNTIF(I6,"P")+COUNTIF(K6,"P")+COUNTIF(M6,"P")+COUNTIF(O6,"P")+COUNTIF(Q6,"P")+COUNTIF(S6,"P")+COUNTIF(U6,"P") | X6: =COUNTIF(C6,"A")+COUNTIF(E6,"A")+COUNTIF(G6,"A")+COUNTIF(I6,"A")+COUNTIF(K6,"A")+COUNTIF(M6,"A")+COUNTIF(O6,"A")+COUNTIF(Q6,"A")+COUNTIF(S6,"A")+COUNTIF(U6,"A") | Z6: =IF(Y6="","",Y6-V6) | AA6: =IF(OR(Y6="",Y6=0),"",V6/Y6) | AB6: =IF(OR(Y6="",Y6=0),"",IF((10-W6-X6)<=0,"N/A",Z6/(10-W6-X6))) | AC6: =IF(W6=0,"",ROUND((V6/W6)*10,0))
A7: Aadhya Gone | V7: =SUM(B7,D7,F7,H7,J7,L7,N7,P7,R7,T7) | W7: =COUNTIF(C7,"P")+COUNTIF(E7,"P")+COUNTIF(G7,"P")+COUNTIF(I7,"P")+COUNTIF(K7,"P")+COUNTIF(M7,"P")+COUNTIF(O7,"P")+COUNTIF(Q7,"P")+COUNTIF(S7,"P")+COUNTIF(U7,"P") | X7: =COUNTIF(C7,"A")+COUNTIF(E7,"A")+COUNTIF(G7,"A")+COUNTIF(I7,"A")+COUNTIF(K7,"A")+COUNTIF(M7,"A")+COUNTIF(O7,"A")+COUNTIF(Q7,"A")+COUNTIF(S7,"A")+COUNTIF(U7,"A") | Z7: =IF(Y7="","",Y7-V7) | AA7: =IF(OR(Y7="",Y7=0),"",V7/Y7) | AB7: =IF(OR(Y7="",Y7=0),"",IF((10-W7-X7)<=0,"N/A",Z7/(10-W7-X7))) | AC7: =IF(W7=0,"",ROUND((V7/W7)*10,0))
A8: Sumeyah Khan | V8: =SUM(B8,D8,F8,H8,J8,L8,N8,P8,R8,T8) | W8: =COUNTIF(C8,"P")+COUNTIF(E8,"P")+COUNTIF(G8,"P")+COUNTIF(I8,"P")+COUNTIF(K8,"P")+COUNTIF(M8,"P")+COUNTIF(O8,"P")+COUNTIF(Q8,"P")+COUNTIF(S8,"P")+COUNTIF(U8,"P") | X8: =COUNTIF(C8,"A")+COUNTIF(E8,"A")+COUNTIF(G8,"A")+COUNTIF(I8,"A")+COUNTIF(K8,"A")+COUNTIF(M8,"A")+COUNTIF(O8,"A")+COUNTIF(Q8,"A")+COUNTIF(S8,"A")+COUNTIF(U8,"A") | Z8: =IF(Y8="","",Y8-V8) | AA8: =IF(OR(Y8="",Y8=0),"",V8/Y8) | AB8: =IF(OR(Y8="",Y8=0),"",IF((10-W8-X8)<=0,"N/A",Z8/(10-W8-X8))) | AC8: =IF(W8=0,"",ROUND((V8/W8)*10,0))
A9: Maria Mujeeb | V9: =SUM(B9,D9,F9,H9,J9,L9,N9,P9,R9,T9) | W9: =COUNTIF(C9,"P")+COUNTIF(E9,"P")+COUNTIF(G9,"P")+COUNTIF(I9,"P")+COUNTIF(K9,"P")+COUNTIF(M9,"P")+COUNTIF(O9,"P")+COUNTIF(Q9,"P")+COUNTIF(S9,"P")+COUNTIF(U9,"P") | X9: =COUNTIF(C9,"A")+COUNTIF(E9,"A")+COUNTIF(G9,"A")+COUNTIF(I9,"A")+COUNTIF(K9,"A")+COUNTIF(M9,"A")+COUNTIF(O9,"A")+COUNTIF(Q9,"A")+COUNTIF(S9,"A")+COUNTIF(U9,"A") | Z9: =IF(Y9="","",Y9-V9) | AA9: =IF(OR(Y9="",Y9=0),"",V9/Y9) | AB9: =IF(OR(Y9="",Y9=0),"",IF((10-W9-X9)<=0,"N/A",Z9/(10-W9-X9))) | AC9: =IF(W9=0,"",ROUND((V9/W9)*10,0))
A10: Jace Ratliff | V10: =SUM(B10,D10,F10,H10,J10,L10,N10,P10,R10,T10) | W10: =COUNTIF(C10,"P")+COUNTIF(E10,"P")+COUNTIF(G10,"P")+COUNTIF(I10,"P")+COUNTIF(K10,"P")+COUNTIF(M10,"P")+COUNTIF(O10,"P")+COUNTIF(Q10,"P")+COUNTIF(S10,"P")+COUNTIF(U10,"P") | X10: =COUNTIF(C10,"A")+COUNTIF(E10,"A")+COUNTIF(G10,"A")+COUNTIF(I10,"A")+COUNTIF(K10,"A")+COUNTIF(M10,"A")+COUNTIF(O10,"A")+COUNTIF(Q10,"A")+COUNTIF(S10,"A")+COUNTIF(U10,"A") | Z10: =IF(Y10="","",Y10-V10) | AA10: =IF(OR(Y10="",Y10=0),"",V10/Y10) | AB10: =IF(OR(Y10="",Y10=0),"",IF((10-W10-X10)<=0,"N/A",Z10/(10-W10-X10))) | AC10: =IF(W10=0,"",ROUND((V10/W10)*10,0))
A11: Evan Allen | V11: =SUM(B11,D11,F11,H11,J11,L11,N11,P11,R11,T11) | W11: =COUNTIF(C11,"P")+COUNTIF(E11,"P")+COUNTIF(G11,"P")+COUNTIF(I11,"P")+COUNTIF(K11,"P")+COUNTIF(M11,"P")+COUNTIF(O11,"P")+COUNTIF(Q11,"P")+COUNTIF(S11,"P")+COUNTIF(U11,"P") | X11: =COUNTIF(C11,"A")+COUNTIF(E11,"A")+COUNTIF(G11,"A")+COUNTIF(I11,"A")+COUNTIF(K11,"A")+COUNTIF(M11,"A")+COUNTIF(O11,"A")+COUNTIF(Q11,"A")+COUNTIF(S11,"A")+COUNTIF(U11,"A") | Z11: =IF(Y11="","",Y11-V11) | AA11: =IF(OR(Y11="",Y11=0),"",V11/Y11) | AB11: =IF(OR(Y11="",Y11=0),"",IF((10-W11-X11)<=0,"N/A",Z11/(10-W11-X11))) | AC11: =IF(W11=0,"",ROUND((V11/W11)*10,0))
A12: Sai Neelagiri | V12: =SUM(B12,D12,F12,H12,J12,L12,N12,P12,R12,T12) | W12: =COUNTIF(C12,"P")+COUNTIF(E12,"P")+COUNTIF(G12,"P")+COUNTIF(I12,"P")+COUNTIF(K12,"P")+COUNTIF(M12,"P")+COUNTIF(O12,"P")+COUNTIF(Q12,"P")+COUNTIF(S12,"P")+COUNTIF(U12,"P") | X12: =COUNTIF(C12,"A")+COUNTIF(E12,"A")+COUNTIF(G12,"A")+COUNTIF(I12,"A")+COUNTIF(K12,"A")+COUNTIF(M12,"A")+COUNTIF(O12,"A")+COUNTIF(Q12,"A")+COUNTIF(S12,"A")+COUNTIF(U12,"A") | Z12: =IF(Y12="","",Y12-V12) | AA12: =IF(OR(Y12="",Y12=0),"",V12/Y12) | AB12: =IF(OR(Y12="",Y12=0),"",IF((10-W12-X12)<=0,"N/A",Z12/(10-W12-X12))) | AC12: =IF(W12=0,"",ROUND((V12/W12)*10,0))
A13: Fletcher Meese | V13: =SUM(B13,D13,F13,H13,J13,L13,N13,P13,R13,T13) | W13: =COUNTIF(C13,"P")+COUNTIF(E13,"P")+COUNTIF(G13,"P")+COUNTIF(I13,"P")+COUNTIF(K13,"P")+COUNTIF(M13,"P")+COUNTIF(O13,"P")+COUNTIF(Q13,"P")+COUNTIF(S13,"P")+COUNTIF(U13,"P") | X13: =COUNTIF(C13,"A")+COUNTIF(E13,"A")+COUNTIF(G13,"A")+COUNTIF(I13,"A")+COUNTIF(K13,"A")+COUNTIF(M13,"A")+COUNTIF(O13,"A")+COUNTIF(Q13,"A")+COUNTIF(S13,"A")+COUNTIF(U13,"A") | Z13: =IF(Y13="","",Y13-V13) | AA13: =IF(OR(Y13="",Y13=0),"",V13/Y13) | AB13: =IF(OR(Y13="",Y13=0),"",IF((10-W13-X13)<=0,"N/A",Z13/(10-W13-X13))) | AC13: =IF(W13=0,"",ROUND((V13/W13)*10,0))
A14: Elijah Aldaco | V14: =SUM(B14,D14,F14,H14,J14,L14,N14,P14,R14,T14) | W14: =COUNTIF(C14,"P")+COUNTIF(E14,"P")+COUNTIF(G14,"P")+COUNTIF(I14,"P")+COUNTIF(K14,"P")+COUNTIF(M14,"P")+COUNTIF(O14,"P")+COUNTIF(Q14,"P")+COUNTIF(S14,"P")+COUNTIF(U14,"P") | X14: =COUNTIF(C14,"A")+COUNTIF(E14,"A")+COUNTIF(G14,"A")+COUNTIF(I14,"A")+COUNTIF(K14,"A")+COUNTIF(M14,"A")+COUNTIF(O14,"A")+COUNTIF(Q14,"A")+COUNTIF(S14,"A")+COUNTIF(U14,"A") | Z14: =IF(Y14="","",Y14-V14) | AA14: =IF(OR(Y14="",Y14=0),"",V14/Y14) | AB14: =IF(OR(Y14="",Y14=0),"",IF((10-W14-X14)<=0,"N/A",Z14/(10-W14-X14))) | AC14: =IF(W14=0,"",ROUND((V14/W14)*10,0))
A15: Cain Gutierrez | V15: =SUM(B15,D15,F15,H15,J15,L15,N15,P15,R15,T15) | W15: =COUNTIF(C15,"P")+COUNTIF(E15,"P")+COUNTIF(G15,"P")+COUNTIF(I15,"P")+COUNTIF(K15,"P")+COUNTIF(M15,"P")+COUNTIF(O15,"P")+COUNTIF(Q15,"P")+COUNTIF(S15,"P")+COUNTIF(U15,"P") | X15: =COUNTIF(C15,"A")+COUNTIF(E15,"A")+COUNTIF(G15,"A")+COUNTIF(I15,"A")+COUNTIF(K15,"A")+COUNTIF(M15,"A")+COUNTIF(O15,"A")+COUNTIF(Q15,"A")+COUNTIF(S15,"A")+COUNTIF(U15,"A") | Z15: =IF(Y15="","",Y15-V15) | AA15: =IF(OR(Y15="",Y15=0),"",V15/Y15) | AB15: =IF(OR(Y15="",Y15=0),"",IF((10-W15-X15)<=0,"N/A",Z15/(10-W15-X15))) | AC15: =IF(W15=0,"",ROUND((V15/W15)*10,0))
A16: Grayson Barnhart | V16: =SUM(B16,D16,F16,H16,J16,L16,N16,P16,R16,T16) | W16: =COUNTIF(C16,"P")+COUNTIF(E16,"P")+COUNTIF(G16,"P")+COUNTIF(I16,"P")+COUNTIF(K16,"P")+COUNTIF(M16,"P")+COUNTIF(O16,"P")+COUNTIF(Q16,"P")+COUNTIF(S16,"P")+COUNTIF(U16,"P") | X16: =COUNTIF(C16,"A")+COUNTIF(E16,"A")+COUNTIF(G16,"A")+COUNTIF(I16,"A")+COUNTIF(K16,"A")+COUNTIF(M16,"A")+COUNTIF(O16,"A")+COUNTIF(Q16,"A")+COUNTIF(S16,"A")+COUNTIF(U16,"A") | Z16: =IF(Y16="","",Y16-V16) | AA16: =IF(OR(Y16="",Y16=0),"",V16/Y16) | AB16: =IF(OR(Y16="",Y16=0),"",IF((10-W16-X16)<=0,"N/A",Z16/(10-W16-X16))) | AC16: =IF(W16=0,"",ROUND((V16/W16)*10,0))
... A19: Jason Bean | V19: =SUM(B19,D19,F19,H19,J19,L19,N19,P19,R19,T19) | W19: =COUNTIF(C19,"P")+COUNTIF(E19,"P")+COUNTIF(G19,"P")+COUNTIF(I19,"P")+COUNTIF(K19,"P")+COUNTIF(M19,"P")+COUNTIF(O19,"P")+COUNTIF(Q19,"P")+COUNTIF(S19,"P")+COUNTIF(U19,"P") | X19: =COUNTIF(C19,"A")+COUNTIF(E19,"A")+COUNTIF(G19,"A")+COUNTIF(I19,"A")+COUNTIF(K19,"A")+COUNTIF(M19,"A")+COUNTIF(O19,"A")+COUNTIF(Q19,"A")+COUNTIF(S19,"A")+COUNTIF(U19,"A") | Z19: =IF(Y19="","",Y19-V19) | AA19: =IF(OR(Y19="",Y19=0),"",V19/Y19) | AB19: =IF(OR(Y19="",Y19=0),"",IF((10-W19-X19)<=0,"N/A",Z19/(10-W19-X19))) | AC19: =IF(W19=0,"",ROUND((V19/W19)*10,0))
A22: Q2 — Quarter 2
A23: Student Name | B23: Sess 1 | C23: Att 1 | D23: Sess 2 | E23: Att 2 | F23: Sess 3 | G23: Att 3 | H23: Sess 4 | I23: Att 4 | J23: Sess 5 | K23: Att 5 | L23: Sess 6 | M23: Att 6 | N23: Sess 7 | O23: Att 7 | P23: Sess 8 | Q23: Att 8 | R23: Sess 9 | S23: Att 9 | T23: Sess 10 | U23: Att 10 | V23: Min Met | W23: Sess Att | X23: Absences | Y23: IEP Req | Z23: Min Remain | AA23: % Complete | AB23: Pace Needed | AC23: Projected
A24: Raya Hightower | V24: =SUM(B24,D24,F24,H24,J24,L24,N24,P24,R24,T24) | W24: =COUNTIF(C24,"P")+COUNTIF(E24,"P")+COUNTIF(G24,"P")+COUNTIF(I24,"P")+COUNTIF(K24,"P")+COUNTIF(M24,"P")+COUNTIF(O24,"P")+COUNTIF(Q24,"P")+COUNTIF(S24,"P")+COUNTIF(U24,"P") | X24: =COUNTIF(C24,"A")+COUNTIF(E24,"A")+COUNTIF(G24,"A")+COUNTIF(I24,"A")+COUNTIF(K24,"A")+COUNTIF(M24,"A")+COUNTIF(O24,"A")+COUNTIF(Q24,"A")+COUNTIF(S24,"A")+COUNTIF(U24,"A") | Z24: =IF(Y24="","",Y24-V24) | AA24: =IF(OR(Y24="",Y24=0),"",V24/Y24) | AB24: =IF(OR(Y24="",Y24=0),"",IF((10-W24-X24)<=0,"N/A",Z24/(10-W24-X24))) | AC24: =IF(W24=0,"",ROUND((V24/W24)*10,0))
A25: Anu Vijay Anand | V25: =SUM(B25,D25,F25,H25,J25,L25,N25,P25,R25,T25) | W25: =COUNTIF(C25,"P")+COUNTIF(E25,"P")+COUNTIF(G25,"P")+COUNTIF(I25,"P")+COUNTIF(K25,"P")+COUNTIF(M25,"P")+COUNTIF(O25,"P")+COUNTIF(Q25,"P")+COUNTIF(S25,"P")+COUNTIF(U25,"P") | X25: =COUNTIF(C25,"A")+COUNTIF(E25,"A")+COUNTIF(G25,"A")+COUNTIF(I25,"A")+COUNTIF(K25,"A")+COUNTIF(M25,"A")+COUNTIF(O25,"A")+COUNTIF(Q25,"A")+COUNTIF(S25,"A")+COUNTIF(U25,"A") | Z25: =IF(Y25="","",Y25-V25) | AA25: =IF(OR(Y25="",Y25=0),"",V25/Y25) | AB25: =IF(OR(Y25="",Y25=0),"",IF((10-W25-X25)<=0,"N/A",Z25/(10-W25-X25))) | AC25: =IF(W25=0,"",ROUND((V25/W25)*10,0))
A26: Aadhya Gone | V26: =SUM(B26,D26,F26,H26,J26,L26,N26,P26,R26,T26) | W26: =COUNTIF(C26,"P")+COUNTIF(E26,"P")+COUNTIF(G26,"P")+COUNTIF(I26,"P")+COUNTIF(K26,"P")+COUNTIF(M26,"P")+COUNTIF(O26,"P")+COUNTIF(Q26,"P")+COUNTIF(S26,"P")+COUNTIF(U26,"P") | X26: =COUNTIF(C26,"A")+COUNTIF(E26,"A")+COUNTIF(G26,"A")+COUNTIF(I26,"A")+COUNTIF(K26,"A")+COUNTIF(M26,"A")+COUNTIF(O26,"A")+COUNTIF(Q26,"A")+COUNTIF(S26,"A")+COUNTIF(U26,"A") | Z26: =IF(Y26="","",Y26-V26) | AA26: =IF(OR(Y26="",Y26=0),"",V26/Y26) | AB26: =IF(OR(Y26="",Y26=0),"",IF((10-W26-X26)<=0,"N/A",Z26/(10-W26-X26))) | AC26: =IF(W26=0,"",ROUND((V26/W26)*10,0))
A27: Sumeyah Khan | V27: =SUM(B27,D27,F27,H27,J27,L27,N27,P27,R27,T27) | W27: =COUNTIF(C27,"P")+COUNTIF(E27,"P")+COUNTIF(G27,"P")+COUNTIF(I27,"P")+COUNTIF(K27,"P")+COUNTIF(M27,"P")+COUNTIF(O27,"P")+COUNTIF(Q27,"P")+COUNTIF(S27,"P")+COUNTIF(U27,"P") | X27: =COUNTIF(C27,"A")+COUNTIF(E27,"A")+COUNTIF(G27,"A")+COUNTIF(I27,"A")+COUNTIF(K27,"A")+COUNTIF(M27,"A")+COUNTIF(O27,"A")+COUNTIF(Q27,"A")+COUNTIF(S27,"A")+COUNTIF(U27,"A") | Z27: =IF(Y27="","",Y27-V27) | AA27: =IF(OR(Y27="",Y27=0),"",V27/Y27) | AB27: =IF(OR(Y27="",Y27=0),"",IF((10-W27-X27)<=0,"N/A",Z27/(10-W27-X27))) | AC27: =IF(W27=0,"",ROUND((V27/W27)*10,0))
A28: Maria Mujeeb | V28: =SUM(B28,D28,F28,H28,J28,L28,N28,P28,R28,T28) | W28: =COUNTIF(C28,"P")+COUNTIF(E28,"P")+COUNTIF(G28,"P")+COUNTIF(I28,"P")+COUNTIF(K28,"P")+COUNTIF(M28,"P")+COUNTIF(O28,"P")+COUNTIF(Q28,"P")+COUNTIF(S28,"P")+COUNTIF(U28,"P") | X28: =COUNTIF(C28,"A")+COUNTIF(E28,"A")+COUNTIF(G28,"A")+COUNTIF(I28,"A")+COUNTIF(K28,"A")+COUNTIF(M28,"A")+COUNTIF(O28,"A")+COUNTIF(Q28,"A")+COUNTIF(S28,"A")+COUNTIF(U28,"A") | Z28: =IF(Y28="","",Y28-V28) | AA28: =IF(OR(Y28="",Y28=0),"",V28/Y28) | AB28: =IF(OR(Y28="",Y28=0),"",IF((10-W28-X28)<=0,"N/A",Z28/(10-W28-X28))) | AC28: =IF(W28=0,"",ROUND((V28/W28)*10,0))
A29: Jace Ratliff | V29: =SUM(B29,D29,F29,H29,J29,L29,N29,P29,R29,T29) | W29: =COUNTIF(C29,"P")+COUNTIF(E29,"P")+COUNTIF(G29,"P")+COUNTIF(I29,"P")+COUNTIF(K29,"P")+COUNTIF(M29,"P")+COUNTIF(O29,"P")+COUNTIF(Q29,"P")+COUNTIF(S29,"P")+COUNTIF(U29,"P") | X29: =COUNTIF(C29,"A")+COUNTIF(E29,"A")+COUNTIF(G29,"A")+COUNTIF(I29,"A")+COUNTIF(K29,"A")+COUNTIF(M29,"A")+COUNTIF(O29,"A")+COUNTIF(Q29,"A")+COUNTIF(S29,"A")+COUNTIF(U29,"A") | Z29: =IF(Y29="","",Y29-V29) | AA29: =IF(OR(Y29="",Y29=0),"",V29/Y29) | AB29: =IF(OR(Y29="",Y29=0),"",IF((10-W29-X29)<=0,"N/A",Z29/(10-W29-X29))) | AC29: =IF(W29=0,"",ROUND((V29/W29)*10,0))
A30: Evan Allen | V30: =SUM(B30,D30,F30,H30,J30,L30,N30,P30,R30,T30) | W30: =COUNTIF(C30,"P")+COUNTIF(E30,"P")+COUNTIF(G30,"P")+COUNTIF(I30,"P")+COUNTIF(K30,"P")+COUNTIF(M30,"P")+COUNTIF(O30,"P")+COUNTIF(Q30,"P")+COUNTIF(S30,"P")+COUNTIF(U30,"P") | X30: =COUNTIF(C30,"A")+COUNTIF(E30,"A")+COUNTIF(G30,"A")+COUNTIF(I30,"A")+COUNTIF(K30,"A")+COUNTIF(M30,"A")+COUNTIF(O30,"A")+COUNTIF(Q30,"A")+COUNTIF(S30,"A")+COUNTIF(U30,"A") | Z30: =IF(Y30="","",Y30-V30) | AA30: =IF(OR(Y30="",Y30=0),"",V30/Y30) | AB30: =IF(OR(Y30="",Y30=0),"",IF((10-W30-X30)<=0,"N/A",Z30/(10-W30-X30))) | AC30: =IF(W30=0,"",ROUND((V30/W30)*10,0))
A31: Sai Neelagiri | V31: =SUM(B31,D31,F31,H31,J31,L31,N31,P31,R31,T31) | W31: =COUNTIF(C31,"P")+COUNTIF(E31,"P")+COUNTIF(G31,"P")+COUNTIF(I31,"P")+COUNTIF(K31,"P")+COUNTIF(M31,"P")+COUNTIF(O31,"P")+COUNTIF(Q31,"P")+COUNTIF(S31,"P")+COUNTIF(U31,"P") | X31: =COUNTIF(C31,"A")+COUNTIF(E31,"A")+COUNTIF(G31,"A")+COUNTIF(I31,"A")+COUNTIF(K31,"A")+COUNTIF(M31,"A")+COUNTIF(O31,"A")+COUNTIF(Q31,"A")+COUNTIF(S31,"A")+COUNTIF(U31,"A") | Z31: =IF(Y31="","",Y31-V31) | AA31: =IF(OR(Y31="",Y31=0),"",V31/Y31) | AB31: =IF(OR(Y31="",Y31=0),"",IF((10-W31-X31)<=0,"N/A",Z31/(10-W31-X31))) | AC31: =IF(W31=0,"",ROUND((V31/W31)*10,0))
A32: Fletcher Meese | V32: =SUM(B32,D32,F32,H32,J32,L32,N32,P32,R32,T32) | W32: =COUNTIF(C32,"P")+COUNTIF(E32,"P")+COUNTIF(G32,"P")+COUNTIF(I32,"P")+COUNTIF(K32,"P")+COUNTIF(M32,"P")+COUNTIF(O32,"P")+COUNTIF(Q32,"P")+COUNTIF(S32,"P")+COUNTIF(U32,"P") | X32: =COUNTIF(C32,"A")+COUNTIF(E32,"A")+COUNTIF(G32,"A")+COUNTIF(I32,"A")+COUNTIF(K32,"A")+COUNTIF(M32,"A")+COUNTIF(O32,"A")+COUNTIF(Q32,"A")+COUNTIF(S32,"A")+COUNTIF(U32,"A") | Z32: =IF(Y32="","",Y32-V32) | AA32: =IF(OR(Y32="",Y32=0),"",V32/Y32) | AB32: =IF(OR(Y32="",Y32=0),"",IF((10-W32-X32)<=0,"N/A",Z32/(10-W32-X32))) | AC32: =IF(W32=0,"",ROUND((V32/W32)*10,0))
A33: Elijah Aldaco | V33: =SUM(B33,D33,F33,H33,J33,L33,N33,P33,R33,T33) | W33: =COUNTIF(C33,"P")+COUNTIF(E33,"P")+COUNTIF(G33,"P")+COUNTIF(I33,"P")+COUNTIF(K33,"P")+COUNTIF(M33,"P")+COUNTIF(O33,"P")+COUNTIF(Q33,"P")+COUNTIF(S33,"P")+COUNTIF(U33,"P") | X33: =COUNTIF(C33,"A")+COUNTIF(E33,"A")+COUNTIF(G33,"A")+COUNTIF(I33,"A")+COUNTIF(K33,"A")+COUNTIF(M33,"A")+COUNTIF(O33,"A")+COUNTIF(Q33,"A")+COUNTIF(S33,"A")+COUNTIF(U33,"A") | Z33: =IF(Y33="","",Y33-V33) | AA33: =IF(OR(Y33="",Y33=0),"",V33/Y33) | AB33: =IF(OR(Y33="",Y33=0),"",IF((10-W33-X33)<=0,"N/A",Z33/(10-W33-X33))) | AC33: =IF(W33=0,"",ROUND((V33/W33)*10,0))
A34: Cain Gutierrez | V34: =SUM(B34,D34,F34,H34,J34,L34,N34,P34,R34,T34) | W34: =COUNTIF(C34,"P")+COUNTIF(E34,"P")+COUNTIF(G34,"P")+COUNTIF(I34,"P")+COUNTIF(K34,"P")+COUNTIF(M34,"P")+COUNTIF(O34,"P")+COUNTIF(Q34,"P")+COUNTIF(S34,"P")+COUNTIF(U34,"P") | X34: =COUNTIF(C34,"A")+COUNTIF(E34,"A")+COUNTIF(G34,"A")+COUNTIF(I34,"A")+COUNTIF(K34,"A")+COUNTIF(M34,"A")+COUNTIF(O34,"A")+COUNTIF(Q34,"A")+COUNTIF(S34,"A")+COUNTIF(U34,"A") | Z34: =IF(Y34="","",Y34-V34) | AA34: =IF(OR(Y34="",Y34=0),"",V34/Y34) | AB34: =IF(OR(Y34="",Y34=0),"",IF((10-W34-X34)<=0,"N/A",Z34/(10-W34-X34))) | AC34: =IF(W34=0,"",ROUND((V34/W34)*10,0))
A35: Grayson Barnhart | V35: =SUM(B35,D35,F35,H35,J35,L35,N35,P35,R35,T35) | W35: =COUNTIF(C35,"P")+COUNTIF(E35,"P")+COUNTIF(G35,"P")+COUNTIF(I35,"P")+COUNTIF(K35,"P")+COUNTIF(M35,"P")+COUNTIF(O35,"P")+COUNTIF(Q35,"P")+COUNTIF(S35,"P")+COUNTIF(U35,"P") | X35: =COUNTIF(C35,"A")+COUNTIF(E35,"A")+COUNTIF(G35,"A")+COUNTIF(I35,"A")+COUNTIF(K35,"A")+COUNTIF(M35,"A")+COUNTIF(O35,"A")+COUNTIF(Q35,"A")+COUNTIF(S35,"A")+COUNTIF(U35,"A") | Z35: =IF(Y35="","",Y35-V35) | AA35: =IF(OR(Y35="",Y35=0),"",V35/Y35) | AB35: =IF(OR(Y35="",Y35=0),"",IF((10-W35-X35)<=0,"N/A",Z35/(10-W35-X35))) | AC35: =IF(W35=0,"",ROUND((V35/W35)*10,0))
... A38: Jason Bean | V38: =SUM(B38,D38,F38,H38,J38,L38,N38,P38,R38,T38) | W38: =COUNTIF(C38,"P")+COUNTIF(E38,"P")+COUNTIF(G38,"P")+COUNTIF(I38,"P")+COUNTIF(K38,"P")+COUNTIF(M38,"P")+COUNTIF(O38,"P")+COUNTIF(Q38,"P")+COUNTIF(S38,"P")+COUNTIF(U38,"P") | X38: =COUNTIF(C38,"A")+COUNTIF(E38,"A")+COUNTIF(G38,"A")+COUNTIF(I38,"A")+COUNTIF(K38,"A")+COUNTIF(M38,"A")+COUNTIF(O38,"A")+COUNTIF(Q38,"A")+COUNTIF(S38,"A")+COUNTIF(U38,"A") | Z38: =IF(Y38="","",Y38-V38) | AA38: =IF(OR(Y38="",Y38=0),"",V38/Y38) | AB38: =IF(OR(Y38="",Y38=0),"",IF((10-W38-X38)<=0,"N/A",Z38/(10-W38-X38))) | AC38: =IF(W38=0,"",ROUND((V38/W38)*10,0))
A41: Q3 — Quarter 3
A42: Student Name | B42: Sess 1 | C42: Att 1 | D42: Sess 2 | E42: Att 2 | F42: Sess 3 | G42: Att 3 | H42: Sess 4 | I42: Att 4 | J42: Sess 5 | K42: Att 5 | L42: Sess 6 | M42: Att 6 | N42: Sess 7 | O42: Att 7 | P42: Sess 8 | Q42: Att 8 | R42: Sess 9 | S42: Att 9 | T42: Sess 10 | U42: Att 10 | V42: Min Met | W42: Sess Att | X42: Absences | Y42: IEP Req | Z42: Min Remain | AA42: % Complete | AB42: Pace Needed | AC42: Projected
A43: Raya Hightower | V43: =SUM(B43,D43,F43,H43,J43,L43,N43,P43,R43,T43) | W43: =COUNTIF(C43,"P")+COUNTIF(E43,"P")+COUNTIF(G43,"P")+COUNTIF(I43,"P")+COUNTIF(K43,"P")+COUNTIF(M43,"P")+COUNTIF(O43,"P")+COUNTIF(Q43,"P")+COUNTIF(S43,"P")+COUNTIF(U43,"P") | X43: =COUNTIF(C43,"A")+COUNTIF(E43,"A")+COUNTIF(G43,"A")+COUNTIF(I43,"A")+COUNTIF(K43,"A")+COUNTIF(M43,"A")+COUNTIF(O43,"A")+COUNTIF(Q43,"A")+COUNTIF(S43,"A")+COUNTIF(U43,"A") | Z43: =IF(Y43="","",Y43-V43) | AA43: =IF(OR(Y43="",Y43=0),"",V43/Y43) | AB43: =IF(OR(Y43="",Y43=0),"",IF((10-W43-X43)<=0,"N/A",Z43/(10-W43-X43))) | AC43: =IF(W43=0,"",ROUND((V43/W43)*10,0))
A44: Anu Vijay Anand | V44: =SUM(B44,D44,F44,H44,J44,L44,N44,P44,R44,T44) | W44: =COUNTIF(C44,"P")+COUNTIF(E44,"P")+COUNTIF(G44,"P")+COUNTIF(I44,"P")+COUNTIF(K44,"P")+COUNTIF(M44,"P")+COUNTIF(O44,"P")+COUNTIF(Q44,"P")+COUNTIF(S44,"P")+COUNTIF(U44,"P") | X44: =COUNTIF(C44,"A")+COUNTIF(E44,"A")+COUNTIF(G44,"A")+COUNTIF(I44,"A")+COUNTIF(K44,"A")+COUNTIF(M44,"A")+COUNTIF(O44,"A")+COUNTIF(Q44,"A")+COUNTIF(S44,"A")+COUNTIF(U44,"A") | Z44: =IF(Y44="","",Y44-V44) | AA44: =IF(OR(Y44="",Y44=0),"",V44/Y44) | AB44: =IF(OR(Y44="",Y44=0),"",IF((10-W44-X44)<=0,"N/A",Z44/(10-W44-X44))) | AC44: =IF(W44=0,"",ROUND((V44/W44)*10,0))
A45: Aadhya Gone | V45: =SUM(B45,D45,F45,H45,J45,L45,N45,P45,R45,T45) | W45: =COUNTIF(C45,"P")+COUNTIF(E45,"P")+COUNTIF(G45,"P")+COUNTIF(I45,"P")+COUNTIF(K45,"P")+COUNTIF(M45,"P")+COUNTIF(O45,"P")+COUNTIF(Q45,"P")+COUNTIF(S45,"P")+COUNTIF(U45,"P") | X45: =COUNTIF(C45,"A")+COUNTIF(E45,"A")+COUNTIF(G45,"A")+COUNTIF(I45,"A")+COUNTIF(K45,"A")+COUNTIF(M45,"A")+COUNTIF(O45,"A")+COUNTIF(Q45,"A")+COUNTIF(S45,"A")+COUNTIF(U45,"A") | Z45: =IF(Y45="","",Y45-V45) | AA45: =IF(OR(Y45="",Y45=0),"",V45/Y45) | AB45: =IF(OR(Y45="",Y45=0),"",IF((10-W45-X45)<=0,"N/A",Z45/(10-W45-X45))) | AC45: =IF(W45=0,"",ROUND((V45/W45)*10,0))
A46: Sumeyah Khan | V46: =SUM(B46,D46,F46,H46,J46,L46,N46,P46,R46,T46) | W46: =COUNTIF(C46,"P")+COUNTIF(E46,"P")+COUNTIF(G46,"P")+COUNTIF(I46,"P")+COUNTIF(K46,"P")+COUNTIF(M46,"P")+COUNTIF(O46,"P")+COUNTIF(Q46,"P")+COUNTIF(S46,"P")+COUNTIF(U46,"P") | X46: =COUNTIF(C46,"A")+COUNTIF(E46,"A")+COUNTIF(G46,"A")+COUNTIF(I46,"A")+COUNTIF(K46,"A")+COUNTIF(M46,"A")+COUNTIF(O46,"A")+COUNTIF(Q46,"A")+COUNTIF(S46,"A")+COUNTIF(U46,"A") | Z46: =IF(Y46="","",Y46-V46) | AA46: =IF(OR(Y46="",Y46=0),"",V46/Y46) | AB46: =IF(OR(Y46="",Y46=0),"",IF((10-W46-X46)<=0,"N/A",Z46/(10-W46-X46))) | AC46: =IF(W46=0,"",ROUND((V46/W46)*10,0))
A47: Maria Mujeeb | V47: =SUM(B47,D47,F47,H47,J47,L47,N47,P47,R47,T47) | W47: =COUNTIF(C47,"P")+COUNTIF(E47,"P")+COUNTIF(G47,"P")+COUNTIF(I47,"P")+COUNTIF(K47,"P")+COUNTIF(M47,"P")+COUNTIF(O47,"P")+COUNTIF(Q47,"P")+COUNTIF(S47,"P")+COUNTIF(U47,"P") | X47: =COUNTIF(C47,"A")+COUNTIF(E47,"A")+COUNTIF(G47,"A")+COUNTIF(I47,"A")+COUNTIF(K47,"A")+COUNTIF(M47,"A")+COUNTIF(O47,"A")+COUNTIF(Q47,"A")+COUNTIF(S47,"A")+COUNTIF(U47,"A") | Z47: =IF(Y47="","",Y47-V47) | AA47: =IF(OR(Y47="",Y47=0),"",V47/Y47) | AB47: =IF(OR(Y47="",Y47=0),"",IF((10-W47-X47)<=0,"N/A",Z47/(10-W47-X47))) | AC47: =IF(W47=0,"",ROUND((V47/W47)*10,0))
A48: Jace Ratliff | V48: =SUM(B48,D48,F48,H48,J48,L48,N48,P48,R48,T48) | W48: =COUNTIF(C48,"P")+COUNTIF(E48,"P")+COUNTIF(G48,"P")+COUNTIF(I48,"P")+COUNTIF(K48,"P")+COUNTIF(M48,"P")+COUNTIF(O48,"P")+COUNTIF(Q48,"P")+COUNTIF(S48,"P")+COUNTIF(U48,"P") | X48: =COUNTIF(C48,"A")+COUNTIF(E48,"A")+COUNTIF(G48,"A")+COUNTIF(I48,"A")+COUNTIF(K48,"A")+COUNTIF(M48,"A")+COUNTIF(O48,"A")+COUNTIF(Q48,"A")+COUNTIF(S48,"A")+COUNTIF(U48,"A") | Z48: =IF(Y48="","",Y48-V48) | AA48: =IF(OR(Y48="",Y48=0),"",V48/Y48) | AB48: =IF(OR(Y48="",Y48=0),"",IF((10-W48-X48)<=0,"N/A",Z48/(10-W48-X48))) | AC48: =IF(W48=0,"",ROUND((V48/W48)*10,0))
A49: Evan Allen | V49: =SUM(B49,D49,F49,H49,J49,L49,N49,P49,R49,T49) | W49: =COUNTIF(C49,"P")+COUNTIF(E49,"P")+COUNTIF(G49,"P")+COUNTIF(I49,"P")+COUNTIF(K49,"P")+COUNTIF(M49,"P")+COUNTIF(O49,"P")+COUNTIF(Q49,"P")+COUNTIF(S49,"P")+COUNTIF(U49,"P") | X49: =COUNTIF(C49,"A")+COUNTIF(E49,"A")+COUNTIF(G49,"A")+COUNTIF(I49,"A")+COUNTIF(K49,"A")+COUNTIF(M49,"A")+COUNTIF(O49,"A")+COUNTIF(Q49,"A")+COUNTIF(S49,"A")+COUNTIF(U49,"A") | Z49: =IF(Y49="","",Y49-V49) | AA49: =IF(OR(Y49="",Y49=0),"",V49/Y49) | AB49: =IF(OR(Y49="",Y49=0),"",IF((10-W49-X49)<=0,"N/A",Z49/(10-W49-X49))) | AC49: =IF(W49=0,"",ROUND((V49/W49)*10,0))
A50: Sai Neelagiri | V50: =SUM(B50,D50,F50,H50,J50,L50,N50,P50,R50,T50) | W50: =COUNTIF(C50,"P")+COUNTIF(E50,"P")+COUNTIF(G50,"P")+COUNTIF(I50,"P")+COUNTIF(K50,"P")+COUNTIF(M50,"P")+COUNTIF(O50,"P")+COUNTIF(Q50,"P")+COUNTIF(S50,"P")+COUNTIF(U50,"P") | X50: =COUNTIF(C50,"A")+COUNTIF(E50,"A")+COUNTIF(G50,"A")+COUNTIF(I50,"A")+COUNTIF(K50,"A")+COUNTIF(M50,"A")+COUNTIF(O50,"A")+COUNTIF(Q50,"A")+COUNTIF(S50,"A")+COUNTIF(U50,"A") | Z50: =IF(Y50="","",Y50-V50) | AA50: =IF(OR(Y50="",Y50=0),"",V50/Y50) | AB50: =IF(OR(Y50="",Y50=0),"",IF((10-W50-X50)<=0,"N/A",Z50/(10-W50-X50))) | AC50: =IF(W50=0,"",ROUND((V50/W50)*10,0))
A51: Fletcher Meese | V51: =SUM(B51,D51,F51,H51,J51,L51,N51,P51,R51,T51) | W51: =COUNTIF(C51,"P")+COUNTIF(E51,"P")+COUNTIF(G51,"P")+COUNTIF(I51,"P")+COUNTIF(K51,"P")+COUNTIF(M51,"P")+COUNTIF(O51,"P")+COUNTIF(Q51,"P")+COUNTIF(S51,"P")+COUNTIF(U51,"P") | X51: =COUNTIF(C51,"A")+COUNTIF(E51,"A")+COUNTIF(G51,"A")+COUNTIF(I51,"A")+COUNTIF(K51,"A")+COUNTIF(M51,"A")+COUNTIF(O51,"A")+COUNTIF(Q51,"A")+COUNTIF(S51,"A")+COUNTIF(U51,"A") | Z51: =IF(Y51="","",Y51-V51) | AA51: =IF(OR(Y51="",Y51=0),"",V51/Y51) | AB51: =IF(OR(Y51="",Y51=0),"",IF((10-W51-X51)<=0,"N/A",Z51/(10-W51-X51))) | AC51: =IF(W51=0,"",ROUND((V51/W51)*10,0))
A52: Elijah Aldaco | V52: =SUM(B52,D52,F52,H52,J52,L52,N52,P52,R52,T52) | W52: =COUNTIF(C52,"P")+COUNTIF(E52,"P")+COUNTIF(G52,"P")+COUNTIF(I52,"P")+COUNTIF(K52,"P")+COUNTIF(M52,"P")+COUNTIF(O52,"P")+COUNTIF(Q52,"P")+COUNTIF(S52,"P")+COUNTIF(U52,"P") | X52: =COUNTIF(C52,"A")+COUNTIF(E52,"A")+COUNTIF(G52,"A")+COUNTIF(I52,"A")+COUNTIF(K52,"A")+COUNTIF(M52,"A")+COUNTIF(O52,"A")+COUNTIF(Q52,"A")+COUNTIF(S52,"A")+COUNTIF(U52,"A") | Z52: =IF(Y52="","",Y52-V52) | AA52: =IF(OR(Y52="",Y52=0),"",V52/Y52) | AB52: =IF(OR(Y52="",Y52=0),"",IF((10-W52-X52)<=0,"N/A",Z52/(10-W52-X52))) | AC52: =IF(W52=0,"",ROUND((V52/W52)*10,0))
A53: Cain Gutierrez | V53: =SUM(B53,D53,F53,H53,J53,L53,N53,P53,R53,T53) | W53: =COUNTIF(C53,"P")+COUNTIF(E53,"P")+COUNTIF(G53,"P")+COUNTIF(I53,"P")+COUNTIF(K53,"P")+COUNTIF(M53,"P")+COUNTIF(O53,"P")+COUNTIF(Q53,"P")+COUNTIF(S53,"P")+COUNTIF(U53,"P") | X53: =COUNTIF(C53,"A")+COUNTIF(E53,"A")+COUNTIF(G53,"A")+COUNTIF(I53,"A")+COUNTIF(K53,"A")+COUNTIF(M53,"A")+COUNTIF(O53,"A")+COUNTIF(Q53,"A")+COUNTIF(S53,"A")+COUNTIF(U53,"A") | Z53: =IF(Y53="","",Y53-V53) | AA53: =IF(OR(Y53="",Y53=0),"",V53/Y53) | AB53: =IF(OR(Y53="",Y53=0),"",IF((10-W53-X53)<=0,"N/A",Z53/(10-W53-X53))) | AC53: =IF(W53=0,"",ROUND((V53/W53)*10,0))
A54: Grayson Barnhart | V54: =SUM(B54,D54,F54,H54,J54,L54,N54,P54,R54,T54) | W54: =COUNTIF(C54,"P")+COUNTIF(E54,"P")+COUNTIF(G54,"P")+COUNTIF(I54,"P")+COUNTIF(K54,"P")+COUNTIF(M54,"P")+COUNTIF(O54,"P")+COUNTIF(Q54,"P")+COUNTIF(S54,"P")+COUNTIF(U54,"P") | X54: =COUNTIF(C54,"A")+COUNTIF(E54,"A")+COUNTIF(G54,"A")+COUNTIF(I54,"A")+COUNTIF(K54,"A")+COUNTIF(M54,"A")+COUNTIF(O54,"A")+COUNTIF(Q54,"A")+COUNTIF(S54,"A")+COUNTIF(U54,"A") | Z54: =IF(Y54="","",Y54-V54) | AA54: =IF(OR(Y54="",Y54=0),"",V54/Y54) | AB54: =IF(OR(Y54="",Y54=0),"",IF((10-W54-X54)<=0,"N/A",Z54/(10-W54-X54))) | AC54: =IF(W54=0,"",ROUND((V54/W54)*10,0))
... A57: Jason Bean | V57: =SUM(B57,D57,F57,H57,J57,L57,N57,P57,R57,T57) | W57: =COUNTIF(C57,"P")+COUNTIF(E57,"P")+COUNTIF(G57,"P")+COUNTIF(I57,"P")+COUNTIF(K57,"P")+COUNTIF(M57,"P")+COUNTIF(O57,"P")+COUNTIF(Q57,"P")+COUNTIF(S57,"P")+COUNTIF(U57,"P") | X57: =COUNTIF(C57,"A")+COUNTIF(E57,"A")+COUNTIF(G57,"A")+COUNTIF(I57,"A")+COUNTIF(K57,"A")+COUNTIF(M57,"A")+COUNTIF(O57,"A")+COUNTIF(Q57,"A")+COUNTIF(S57,"A")+COUNTIF(U57,"A") | Z57: =IF(Y57="","",Y57-V57) | AA57: =IF(OR(Y57="",Y57=0),"",V57/Y57) | AB57: =IF(OR(Y57="",Y57=0),"",IF((10-W57-X57)<=0,"N/A",Z57/(10-W57-X57))) | AC57: =IF(W57=0,"",ROUND((V57/W57)*10,0))
A60: Q4 — Quarter 4
A61: Student Name | B61: Sess 1 | C61: Att 1 | D61: Sess 2 | E61: Att 2 | F61: Sess 3 | G61: Att 3 | H61: Sess 4 | I61: Att 4 | J61: Sess 5 | K61: Att 5 | L61: Sess 6 | M61: Att 6 | N61: Sess 7 | O61: Att 7 | P61: Sess 8 | Q61: Att 8 | R61: Sess 9 | S61: Att 9 | T61: Sess 10 | U61: Att 10 | V61: Min Met | W61: Sess Att | X61: Absences | Y61: IEP Req | Z61: Min Remain | AA61: % Complete | AB61: Pace Needed | AC61: Projected
A62: Raya Hightower | V62: =SUM(B62,D62,F62,H62,J62,L62,N62,P62,R62,T62) | W62: =COUNTIF(C62,"P")+COUNTIF(E62,"P")+COUNTIF(G62,"P")+COUNTIF(I62,"P")+COUNTIF(K62,"P")+COUNTIF(M62,"P")+COUNTIF(O62,"P")+COUNTIF(Q62,"P")+COUNTIF(S62,"P")+COUNTIF(U62,"P") | X62: =COUNTIF(C62,"A")+COUNTIF(E62,"A")+COUNTIF(G62,"A")+COUNTIF(I62,"A")+COUNTIF(K62,"A")+COUNTIF(M62,"A")+COUNTIF(O62,"A")+COUNTIF(Q62,"A")+COUNTIF(S62,"A")+COUNTIF(U62,"A") | Z62: =IF(Y62="","",Y62-V62) | AA62: =IF(OR(Y62="",Y62=0),"",V62/Y62) | AB62: =IF(OR(Y62="",Y62=0),"",IF((10-W62-X62)<=0,"N/A",Z62/(10-W62-X62))) | AC62: =IF(W62=0,"",ROUND((V62/W62)*10,0))
A63: Anu Vijay Anand | V63: =SUM(B63,D63,F63,H63,J63,L63,N63,P63,R63,T63) | W63: =COUNTIF(C63,"P")+COUNTIF(E63,"P")+COUNTIF(G63,"P")+COUNTIF(I63,"P")+COUNTIF(K63,"P")+COUNTIF(M63,"P")+COUNTIF(O63,"P")+COUNTIF(Q63,"P")+COUNTIF(S63,"P")+COUNTIF(U63,"P") | X63: =COUNTIF(C63,"A")+COUNTIF(E63,"A")+COUNTIF(G63,"A")+COUNTIF(I63,"A")+COUNTIF(K63,"A")+COUNTIF(M63,"A")+COUNTIF(O63,"A")+COUNTIF(Q63,"A")+COUNTIF(S63,"A")+COUNTIF(U63,"A") | Z63: =IF(Y63="","",Y63-V63) | AA63: =IF(OR(Y63="",Y63=0),"",V63/Y63) | AB63: =IF(OR(Y63="",Y63=0),"",IF((10-W63-X63)<=0,"N/A",Z63/(10-W63-X63))) | AC63: =IF(W63=0,"",ROUND((V63/W63)*10,0))
A64: Aadhya Gone | V64: =SUM(B64,D64,F64,H64,J64,L64,N64,P64,R64,T64) | W64: =COUNTIF(C64,"P")+COUNTIF(E64,"P")+COUNTIF(G64,"P")+COUNTIF(I64,"P")+COUNTIF(K64,"P")+COUNTIF(M64,"P")+COUNTIF(O64,"P")+COUNTIF(Q64,"P")+COUNTIF(S64,"P")+COUNTIF(U64,"P") | X64: =COUNTIF(C64,"A")+COUNTIF(E64,"A")+COUNTIF(G64,"A")+COUNTIF(I64,"A")+COUNTIF(K64,"A")+COUNTIF(M64,"A")+COUNTIF(O64,"A")+COUNTIF(Q64,"A")+COUNTIF(S64,"A")+COUNTIF(U64,"A") | Z64: =IF(Y64="","",Y64-V64) | AA64: =IF(OR(Y64="",Y64=0),"",V64/Y64) | AB64: =IF(OR(Y64="",Y64=0),"",IF((10-W64-X64)<=0,"N/A",Z64/(10-W64-X64))) | AC64: =IF(W64=0,"",ROUND((V64/W64)*10,0))
A65: Sumeyah Khan | V65: =SUM(B65,D65,F65,H65,J65,L65,N65,P65,R65,T65) | W65: =COUNTIF(C65,"P")+COUNTIF(E65,"P")+COUNTIF(G65,"P")+COUNTIF(I65,"P")+COUNTIF(K65,"P")+COUNTIF(M65,"P")+COUNTIF(O65,"P")+COUNTIF(Q65,"P")+COUNTIF(S65,"P")+COUNTIF(U65,"P") | X65: =COUNTIF(C65,"A")+COUNTIF(E65,"A")+COUNTIF(G65,"A")+COUNTIF(I65,"A")+COUNTIF(K65,"A")+COUNTIF(M65,"A")+COUNTIF(O65,"A")+COUNTIF(Q65,"A")+COUNTIF(S65,"A")+COUNTIF(U65,"A") | Z65: =IF(Y65="","",Y65-V65) | AA65: =IF(OR(Y65="",Y65=0),"",V65/Y65) | AB65: =IF(OR(Y65="",Y65=0),"",IF((10-W65-X65)<=0,"N/A",Z65/(10-W65-X65))) | AC65: =IF(W65=0,"",ROUND((V65/W65)*10,0))
A66: Maria Mujeeb | V66: =SUM(B66,D66,F66,H66,J66,L66,N66,P66,R66,T66) | W66: =COUNTIF(C66,"P")+COUNTIF(E66,"P")+COUNTIF(G66,"P")+COUNTIF(I66,"P")+COUNTIF(K66,"P")+COUNTIF(M66,"P")+COUNTIF(O66,"P")+COUNTIF(Q66,"P")+COUNTIF(S66,"P")+COUNTIF(U66,"P") | X66: =COUNTIF(C66,"A")+COUNTIF(E66,"A")+COUNTIF(G66,"A")+COUNTIF(I66,"A")+COUNTIF(K66,"A")+COUNTIF(M66,"A")+COUNTIF(O66,"A")+COUNTIF(Q66,"A")+COUNTIF(S66,"A")+COUNTIF(U66,"A") | Z66: =IF(Y66="","",Y66-V66) | AA66: =IF(OR(Y66="",Y66=0),"",V66/Y66) | AB66: =IF(OR(Y66="",Y66=0),"",IF((10-W66-X66)<=0,"N/A",Z66/(10-W66-X66))) | AC66: =IF(W66=0,"",ROUND((V66/W66)*10,0))
A67: Jace Ratliff | V67: =SUM(B67,D67,F67,H67,J67,L67,N67,P67,R67,T67) | W67: =COUNTIF(C67,"P")+COUNTIF(E67,"P")+COUNTIF(G67,"P")+COUNTIF(I67,"P")+COUNTIF(K67,"P")+COUNTIF(M67,"P")+COUNTIF(O67,"P")+COUNTIF(Q67,"P")+COUNTIF(S67,"P")+COUNTIF(U67,"P") | X67: =COUNTIF(C67,"A")+COUNTIF(E67,"A")+COUNTIF(G67,"A")+COUNTIF(I67,"A")+COUNTIF(K67,"A")+COUNTIF(M67,"A")+COUNTIF(O67,"A")+COUNTIF(Q67,"A")+COUNTIF(S67,"A")+COUNTIF(U67,"A") | Z67: =IF(Y67="","",Y67-V67) | AA67: =IF(OR(Y67="",Y67=0),"",V67/Y67) | AB67: =IF(OR(Y67="",Y67=0),"",IF((10-W67-X67)<=0,"N/A",Z67/(10-W67-X67))) | AC67: =IF(W67=0,"",ROUND((V67/W67)*10,0))
A68: Evan Allen | V68: =SUM(B68,D68,F68,H68,J68,L68,N68,P68,R68,T68) | W68: =COUNTIF(C68,"P")+COUNTIF(E68,"P")+COUNTIF(G68,"P")+COUNTIF(I68,"P")+COUNTIF(K68,"P")+COUNTIF(M68,"P")+COUNTIF(O68,"P")+COUNTIF(Q68,"P")+COUNTIF(S68,"P")+COUNTIF(U68,"P") | X68: =COUNTIF(C68,"A")+COUNTIF(E68,"A")+COUNTIF(G68,"A")+COUNTIF(I68,"A")+COUNTIF(K68,"A")+COUNTIF(M68,"A")+COUNTIF(O68,"A")+COUNTIF(Q68,"A")+COUNTIF(S68,"A")+COUNTIF(U68,"A") | Z68: =IF(Y68="","",Y68-V68) | AA68: =IF(OR(Y68="",Y68=0),"",V68/Y68) | AB68: =IF(OR(Y68="",Y68=0),"",IF((10-W68-X68)<=0,"N/A",Z68/(10-W68-X68))) | AC68: =IF(W68=0,"",ROUND((V68/W68)*10,0))
A69: Sai Neelagiri | V69: =SUM(B69,D69,F69,H69,J69,L69,N69,P69,R69,T69) | W69: =COUNTIF(C69,"P")+COUNTIF(E69,"P")+COUNTIF(G69,"P")+COUNTIF(I69,"P")+COUNTIF(K69,"P")+COUNTIF(M69,"P")+COUNTIF(O69,"P")+COUNTIF(Q69,"P")+COUNTIF(S69,"P")+COUNTIF(U69,"P") | X69: =COUNTIF(C69,"A")+COUNTIF(E69,"A")+COUNTIF(G69,"A")+COUNTIF(I69,"A")+COUNTIF(K69,"A")+COUNTIF(M69,"A")+COUNTIF(O69,"A")+COUNTIF(Q69,"A")+COUNTIF(S69,"A")+COUNTIF(U69,"A") | Z69: =IF(Y69="","",Y69-V69) | AA69: =IF(OR(Y69="",Y69=0),"",V69/Y69) | AB69: =IF(OR(Y69="",Y69=0),"",IF((10-W69-X69)<=0,"N/A",Z69/(10-W69-X69))) | AC69: =IF(W69=0,"",ROUND((V69/W69)*10,0))
A70: Fletcher Meese | V70: =SUM(B70,D70,F70,H70,J70,L70,N70,P70,R70,T70) | W70: =COUNTIF(C70,"P")+COUNTIF(E70,"P")+COUNTIF(G70,"P")+COUNTIF(I70,"P")+COUNTIF(K70,"P")+COUNTIF(M70,"P")+COUNTIF(O70,"P")+COUNTIF(Q70,"P")+COUNTIF(S70,"P")+COUNTIF(U70,"P") | X70: =COUNTIF(C70,"A")+COUNTIF(E70,"A")+COUNTIF(G70,"A")+COUNTIF(I70,"A")+COUNTIF(K70,"A")+COUNTIF(M70,"A")+COUNTIF(O70,"A")+COUNTIF(Q70,"A")+COUNTIF(S70,"A")+COUNTIF(U70,"A") | Z70: =IF(Y70="","",Y70-V70) | AA70: =IF(OR(Y70="",Y70=0),"",V70/Y70) | AB70: =IF(OR(Y70="",Y70=0),"",IF((10-W70-X70)<=0,"N/A",Z70/(10-W70-X70))) | AC70: =IF(W70=0,"",ROUND((V70/W70)*10,0))
A71: Elijah Aldaco | V71: =SUM(B71,D71,F71,H71,J71,L71,N71,P71,R71,T71) | W71: =COUNTIF(C71,"P")+COUNTIF(E71,"P")+COUNTIF(G71,"P")+COUNTIF(I71,"P")+COUNTIF(K71,"P")+COUNTIF(M71,"P")+COUNTIF(O71,"P")+COUNTIF(Q71,"P")+COUNTIF(S71,"P")+COUNTIF(U71,"P") | X71: =COUNTIF(C71,"A")+COUNTIF(E71,"A")+COUNTIF(G71,"A")+COUNTIF(I71,"A")+COUNTIF(K71,"A")+COUNTIF(M71,"A")+COUNTIF(O71,"A")+COUNTIF(Q71,"A")+COUNTIF(S71,"A")+COUNTIF(U71,"A") | Z71: =IF(Y71="","",Y71-V71) | AA71: =IF(OR(Y71="",Y71=0),"",V71/Y71) | AB71: =IF(OR(Y71="",Y71=0),"",IF((10-W71-X71)<=0,"N/A",Z71/(10-W71-X71))) | AC71: =IF(W71=0,"",ROUND((V71/W71)*10,0))
A72: Cain Gutierrez | V72: =SUM(B72,D72,F72,H72,J72,L72,N72,P72,R72,T72) | W72: =COUNTIF(C72,"P")+COUNTIF(E72,"P")+COUNTIF(G72,"P")+COUNTIF(I72,"P")+COUNTIF(K72,"P")+COUNTIF(M72,"P")+COUNTIF(O72,"P")+COUNTIF(Q72,"P")+COUNTIF(S72,"P")+COUNTIF(U72,"P") | X72: =COUNTIF(C72,"A")+COUNTIF(E72,"A")+COUNTIF(G72,"A")+COUNTIF(I72,"A")+COUNTIF(K72,"A")+COUNTIF(M72,"A")+COUNTIF(O72,"A")+COUNTIF(Q72,"A")+COUNTIF(S72,"A")+COUNTIF(U72,"A") | Z72: =IF(Y72="","",Y72-V72) | AA72: =IF(OR(Y72="",Y72=0),"",V72/Y72) | AB72: =IF(OR(Y72="",Y72=0),"",IF((10-W72-X72)<=0,"N/A",Z72/(10-W72-X72))) | AC72: =IF(W72=0,"",ROUND((V72/W72)*10,0))
A73: Grayson Barnhart | V73: =SUM(B73,D73,F73,H73,J73,L73,N73,P73,R73,T73) | W73: =COUNTIF(C73,"P")+COUNTIF(E73,"P")+COUNTIF(G73,"P")+COUNTIF(I73,"P")+COUNTIF(K73,"P")+COUNTIF(M73,"P")+COUNTIF(O73,"P")+COUNTIF(Q73,"P")+COUNTIF(S73,"P")+COUNTIF(U73,"P") | X73: =COUNTIF(C73,"A")+COUNTIF(E73,"A")+COUNTIF(G73,"A")+COUNTIF(I73,"A")+COUNTIF(K73,"A")+COUNTIF(M73,"A")+COUNTIF(O73,"A")+COUNTIF(Q73,"A")+COUNTIF(S73,"A")+COUNTIF(U73,"A") | Z73: =IF(Y73="","",Y73-V73) | AA73: =IF(OR(Y73="",Y73=0),"",V73/Y73) | AB73: =IF(OR(Y73="",Y73=0),"",IF((10-W73-X73)<=0,"N/A",Z73/(10-W73-X73))) | AC73: =IF(W73=0,"",ROUND((V73/W73)*10,0))
... A76: Jason Bean | V76: =SUM(B76,D76,F76,H76,J76,L76,N76,P76,R76,T76) | W76: =COUNTIF(C76,"P")+COUNTIF(E76,"P")+COUNTIF(G76,"P")+COUNTIF(I76,"P")+COUNTIF(K76,"P")+COUNTIF(M76,"P")+COUNTIF(O76,"P")+COUNTIF(Q76,"P")+COUNTIF(S76,"P")+COUNTIF(U76,"P") | X76: =COUNTIF(C76,"A")+COUNTIF(E76,"A")+COUNTIF(G76,"A")+COUNTIF(I76,"A")+COUNTIF(K76,"A")+COUNTIF(M76,"A")+COUNTIF(O76,"A")+COUNTIF(Q76,"A")+COUNTIF(S76,"A")+COUNTIF(U76,"A") | Z76: =IF(Y76="","",Y76-V76) | AA76: =IF(OR(Y76="",Y76=0),"",V76/Y76) | AB76: =IF(OR(Y76="",Y76=0),"",IF((10-W76-X76)<=0,"N/A",Z76/(10-W76-X76))) | AC76: =IF(W76=0,"",ROUND((V76/W76)*10,0))

Sheet Session Notes
A1: Session Notes
A2: Date | B2: Student Name | C2: Service Type | D2: Skill Targeted | E2: Student Response | F2: Behavior Notes | G2: Provider

Sheet Year Summary
A1: Year Summary — SPED Minute Tracker
A3: Social Skills
A4: Student Name | B4: Q1 Met | C4: Q2 Met | D4: Q3 Met | E4: Q4 Met | F4: Year Total | G4: Q1 IEP | H4: Q2 IEP | I4: Q3 IEP | J4: Q4 IEP | K4: Annual IEP | L4: Year % | M4: Total Sess | N4: Total Abs
A5: Raya Hightower | B5: ='Social Skills'!V5 | C5: ='Social Skills'!V24 | D5: ='Social Skills'!V43 | E5: ='Social Skills'!V62 | F5: =SUM(B5:E5) | G5: ='Social Skills'!Y5 | H5: ='Social Skills'!Y24 | I5: ='Social Skills'!Y43 | J5: ='Social Skills'!Y62 | K5: =SUM(G5:J5) | L5: =IF(K5=0,"",F5/K5) | M5: ='Social Skills'!W5+'Social Skills'!W24+'Social Skills'!W43+'Social Skills'!W62 | N5: ='Social Skills'!X5+'Social Skills'!X24+'Social Skills'!X43+'Social Skills'!X62
A6: Anu Vijay Anand | B6: ='Social Skills'!V6 | C6: ='Social Skills'!V25 | D6: ='Social Skills'!V44 | E6: ='Social Skills'!V63 | F6: =SUM(B6:E6) | G6: ='Social Skills'!Y6 | H6: ='Social Skills'!Y25 | I6: ='Social Skills'!Y44 | J6: ='Social Skills'!Y63 | K6: =SUM(G6:J6) | L6: =IF(K6=0,"",F6/K6) | M6: ='Social Skills'!W6+'Social Skills'!W25+'Social Skills'!W44+'Social Skills'!W63 | N6: ='Social Skills'!X6+'Social Skills'!X25+'Social Skills'!X44+'Social Skills'!X63
A7: Aadhya Gone | B7: ='Social Skills'!V7 | C7: ='Social Skills'!V26 | D7: ='Social Skills'!V45 | E7: ='Social Skills'!V64 | F7: =SUM(B7:E7) | G7: ='Social Skills'!Y7 | H7: ='Social Skills'!Y26 | I7: ='Social Skills'!Y45 | J7: ='Social Skills'!Y64 | K7: =SUM(G7:J7) | L7: =IF(K7=0,"",F7/K7) | M7: ='Social Skills'!W7+'Social Skills'!W26+'Social Skills'!W45+'Social Skills'!W64 | N7: ='Social Skills'!X7+'Social Skills'!X26+'Social Skills'!X45+'Social Skills'!X64
A8: Sumeyah Khan | B8: ='Social Skills'!V8 | C8: ='Social Skills'!V27 | D8: ='Social Skills'!V46 | E8: ='Social Skills'!V65 | F8: =SUM(B8:E8) | G8: ='Social Skills'!Y8 | H8: ='Social Skills'!Y27 | I8: ='Social Skills'!Y46 | J8: ='Social Skills'!Y65 | K8: =SUM(G8:J8) | L8: =IF(K8=0,"",F8/K8) | M8: ='Social Skills'!W8+'Social Skills'!W27+'Social Skills'!W46+'Social Skills'!W65 | N8: ='Social Skills'!X8+'Social Skills'!X27+'Social Skills'!X46+'Social Skills'!X65
A9: Maria Mujeeb | B9: ='Social Skills'!V9 | C9: ='Social Skills'!V28 | D9: ='Social Skills'!V47 | E9: ='Social Skills'!V66 | F9: =SUM(B9:E9) | G9: ='Social Skills'!Y9 | H9: ='Social Skills'!Y28 | I9: ='Social Skills'!Y47 | J9: ='Social Skills'!Y66 | K9: =SUM(G9:J9) | L9: =IF(K9=0,"",F9/K9) | M9: ='Social Skills'!W9+'Social Skills'!W28+'Social Skills'!W47+'Social Skills'!W66 | N9: ='Social Skills'!X9+'Social Skills'!X28+'Social Skills'!X47+'Social Skills'!X66
A10: Jace Ratliff | B10: ='Social Skills'!V10 | C10: ='Social Skills'!V29 | D10: ='Social Skills'!V48 | E10: ='Social Skills'!V67 | F10: =SUM(B10:E10) | G10: ='Social Skills'!Y10 | H10: ='Social Skills'!Y29 | I10: ='Social Skills'!Y48 | J10: ='Social Skills'!Y67 | K10: =SUM(G10:J10) | L10: =IF(K10=0,"",F10/K10) | M10: ='Social Skills'!W10+'Social Skills'!W29+'Social Skills'!W48+'Social Skills'!W67 | N10: ='Social Skills'!X10+'Social Skills'!X29+'Social Skills'!X48+'Social Skills'!X67
A11: Evan Allen | B11: ='Social Skills'!V11 | C11: ='Social Skills'!V30 | D11: ='Social Skills'!V49 | E11: ='Social Skills'!V68 | F11: =SUM(B11:E11) | G11: ='Social Skills'!Y11 | H11: ='Social Skills'!Y30 | I11: ='Social Skills'!Y49 | J11: ='Social Skills'!Y68 | K11: =SUM(G11:J11) | L11: =IF(K11=0,"",F11/K11) | M11: ='Social Skills'!W11+'Social Skills'!W30+'Social Skills'!W49+'Social Skills'!W68 | N11: ='Social Skills'!X11+'Social Skills'!X30+'Social Skills'!X49+'Social Skills'!X68
A12: Sai Neelagiri | B12: ='Social Skills'!V12 | C12: ='Social Skills'!V31 | D12: ='Social Skills'!V50 | E12: ='Social Skills'!V69 | F12: =SUM(B12:E12) | G12: ='Social Skills'!Y12 | H12: ='Social Skills'!Y31 | I12: ='Social Skills'!Y50 | J12: ='Social Skills'!Y69 | K12: =SUM(G12:J12) | L12: =IF(K12=0,"",F12/K12) | M12: ='Social Skills'!W12+'Social Skills'!W31+'Social Skills'!W50+'Social Skills'!W69 | N12: ='Social Skills'!X12+'Social Skills'!X31+'Social Skills'!X50+'Social Skills'!X69
A13: Fletcher Meese | B13: ='Social Skills'!V13 | C13: ='Social Skills'!V32 | D13: ='Social Skills'!V51 | E13: ='Social Skills'!V70 | F13: =SUM(B13:E13) | G13: ='Social Skills'!Y13 | H13: ='Social Skills'!Y32 | I13: ='Social Skills'!Y51 | J13: ='Social Skills'!Y70 | K13: =SUM(G13:J13) | L13: =IF(K13=0,"",F13/K13) | M13: ='Social Skills'!W13+'Social Skills'!W32+'Social Skills'!W51+'Social Skills'!W70 | N13: ='Social Skills'!X13+'Social Skills'!X32+'Social Skills'!X51+'Social Skills'!X70
A14: Elijah Aldaco | B14: ='Social Skills'!V14 | C14: ='Social Skills'!V33 | D14: ='Social Skills'!V52 | E14: ='Social Skills'!V71 | F14: =SUM(B14:E14) | G14: ='Social Skills'!Y14 | H14: ='Social Skills'!Y33 | I14: ='Social Skills'!Y52 | J14: ='Social Skills'!Y71 | K14: =SUM(G14:J14) | L14: =IF(K14=0,"",F14/K14) | M14: ='Social Skills'!W14+'Social Skills'!W33+'Social Skills'!W52+'Social Skills'!W71 | N14: ='Social Skills'!X14+'Social Skills'!X33+'Social Skills'!X52+'Social Skills'!X71
A15: Cain Gutierrez | B15: ='Social Skills'!V15 | C15: ='Social Skills'!V34 | D15: ='Social Skills'!V53 | E15: ='Social Skills'!V72 | F15: =SUM(B15:E15) | G15: ='Social Skills'!Y15 | H15: ='Social Skills'!Y34 | I15: ='Social Skills'!Y53 | J15: ='Social Skills'!Y72 | K15: =SUM(G15:J15) | L15: =IF(K15=0,"",F15/K15) | M15: ='Social Skills'!W15+'Social Skills'!W34+'Social Skills'!W53+'Social Skills'!W72 | N15: ='Social Skills'!X15+'Social Skills'!X34+'Social Skills'!X53+'Social Skills'!X72
A16: Grayson Barnhart | B16: ='Social Skills'!V16 | C16: ='Social Skills'!V35 | D16: ='Social Skills'!V54 | E16: ='Social Skills'!V73 | F16: =SUM(B16:E16) | G16: ='Social Skills'!Y16 | H16: ='Social Skills'!Y35 | I16: ='Social Skills'!Y54 | J16: ='Social Skills'!Y73 | K16: =SUM(G16:J16) | L16: =IF(K16=0,"",F16/K16) | M16: ='Social Skills'!W16+'Social Skills'!W35+'Social Skills'!W54+'Social Skills'!W73 | N16: ='Social Skills'!X16+'Social Skills'!X35+'Social Skills'!X54+'Social Skills'!X73
... A19: Jason Bean | B19: ='Social Skills'!V19 | C19: ='Social Skills'!V38 | D19: ='Social Skills'!V57 | E19: ='Social Skills'!V76 | F19: =SUM(B19:E19) | G19: ='Social Skills'!Y19 | H19: ='Social Skills'!Y38 | I19: ='Social Skills'!Y57 | J19: ='Social Skills'!Y76 | K19: =SUM(G19:J19) | L19: =IF(K19=0,"",F19/K19) | M19: ='Social Skills'!W19+'Social Skills'!W38+'Social Skills'!W57+'Social Skills'!W76 | N19: ='Social Skills'!X19+'Social Skills'!X38+'Social Skills'!X57+'Social Skills'!X76
A21: Speech
A22: Student Name | B22: Q1 Met | C22: Q2 Met | D22: Q3 Met | E22: Q4 Met | F22: Year Total | G22: Q1 IEP | H22: Q2 IEP | I22: Q3 IEP | J22: Q4 IEP | K22: Annual IEP | L22: Year % | M22: Total Sess | N22: Total Abs
A23: Raya Hightower | B23: ='Speech'!V5 | C23: ='Speech'!V24 | D23: ='Speech'!V43 | E23: ='Speech'!V62 | F23: =SUM(B23:E23) | G23: ='Speech'!Y5 | H23: ='Speech'!Y24 | I23: ='Speech'!Y43 | J23: ='Speech'!Y62 | K23: =SUM(G23:J23) | L23: =IF(K23=0,"",F23/K23) | M23: ='Speech'!W5+'Speech'!W24+'Speech'!W43+'Speech'!W62 | N23: ='Speech'!X5+'Speech'!X24+'Speech'!X43+'Speech'!X62
A24: Anu Vijay Anand | B24: ='Speech'!V6 | C24: ='Speech'!V25 | D24: ='Speech'!V44 | E24: ='Speech'!V63 | F24: =SUM(B24:E24) | G24: ='Speech'!Y6 | H24: ='Speech'!Y25 | I24: ='Speech'!Y44 | J24: ='Speech'!Y63 | K24: =SUM(G24:J24) | L24: =IF(K24=0,"",F24/K24) | M24: ='Speech'!W6+'Speech'!W25+'Speech'!W44+'Speech'!W63 | N24: ='Speech'!X6+'Speech'!X25+'Speech'!X44+'Speech'!X63
A25: Aadhya Gone | B25: ='Speech'!V7 | C25: ='Speech'!V26 | D25: ='Speech'!V45 | E25: ='Speech'!V64 | F25: =SUM(B25:E25) | G25: ='Speech'!Y7 | H25: ='Speech'!Y26 | I25: ='Speech'!Y45 | J25: ='Speech'!Y64 | K25: =SUM(G25:J25) | L25: =IF(K25=0,"",F25/K25) | M25: ='Speech'!W7+'Speech'!W26+'Speech'!W45+'Speech'!W64 | N25: ='Speech'!X7+'Speech'!X26+'Speech'!X45+'Speech'!X64
A26: Sumeyah Khan | B26: ='Speech'!V8 | C26: ='Speech'!V27 | D26: ='Speech'!V46 | E26: ='Speech'!V65 | F26: =SUM(B26:E26) | G26: ='Speech'!Y8 | H26: ='Speech'!Y27 | I26: ='Speech'!Y46 | J26: ='Speech'!Y65 | K26: =SUM(G26:J26) | L26: =IF(K26=0,"",F26/K26) | M26: ='Speech'!W8+'Speech'!W27+'Speech'!W46+'Speech'!W65 | N26: ='Speech'!X8+'Speech'!X27+'Speech'!X46+'Speech'!X65
A27: Maria Mujeeb | B27: ='Speech'!V9 | C27: ='Speech'!V28 | D27: ='Speech'!V47 | E27: ='Speech'!V66 | F27: =SUM(B27:E27) | G27: ='Speech'!Y9 | H27: ='Speech'!Y28 | I27: ='Speech'!Y47 | J27: ='Speech'!Y66 | K27: =SUM(G27:J27) | L27: =IF(K27=0,"",F27/K27) | M27: ='Speech'!W9+'Speech'!W28+'Speech'!W47+'Speech'!W66 | N27: ='Speech'!X9+'Speech'!X28+'Speech'!X47+'Speech'!X66
A28: Jace Ratliff | B28: ='Speech'!V10 | C28: ='Speech'!V29 | D28: ='Speech'!V48 | E28: ='Speech'!V67 | F28: =SUM(B28:E28) | G28: ='Speech'!Y10 | H28: ='Speech'!Y29 | I28: ='Speech'!Y48 | J28: ='Speech'!Y67 | K28: =SUM(G28:J28) | L28: =IF(K28=0,"",F28/K28) | M28: ='Speech'!W10+'Speech'!W29+'Speech'!W48+'Speech'!W67 | N28: ='Speech'!X10+'Speech'!X29+'Speech'!X48+'Speech'!X67
A29: Evan Allen | B29: ='Speech'!V11 | C29: ='Speech'!V30 | D29: ='Speech'!V49 | E29: ='Speech'!V68 | F29: =SUM(B29:E29) | G29: ='Speech'!Y11 | H29: ='Speech'!Y30 | I29: ='Speech'!Y49 | J29: ='Speech'!Y68 | K29: =SUM(G29:J29) | L29: =IF(K29=0,"",F29/K29) | M29: ='Speech'!W11+'Speech'!W30+'Speech'!W49+'Speech'!W68 | N29: ='Speech'!X11+'Speech'!X30+'Speech'!X49+'Speech'!X68
A30: Sai Neelagiri | B30: ='Speech'!V12 | C30: ='Speech'!V31 | D30: ='Speech'!V50 | E30: ='Speech'!V69 | F30: =SUM(B30:E30) | G30: ='Speech'!Y12 | H30: ='Speech'!Y31 | I30: ='Speech'!Y50 | J30: ='Speech'!Y69 | K30: =SUM(G30:J30) | L30: =IF(K30=0,"",F30/K30) | M30: ='Speech'!W12+'Speech'!W31+'Speech'!W50+'Speech'!W69 | N30: ='Speech'!X12+'Speech'!X31+'Speech'!X50+'Speech'!X69
A31: Fletcher Meese | B31: ='Speech'!V13 | C31: ='Speech'!V32 | D31: ='Speech'!V51 | E31: ='Speech'!V70 | F31: =SUM(B31:E31) | G31: ='Speech'!Y13 | H31: ='Speech'!Y32 | I31: ='Speech'!Y51 | J31: ='Speech'!Y70 | K31: =SUM(G31:J31) | L31: =IF(K31=0,"",F31/K31) | M31: ='Speech'!W13+'Speech'!W32+'Speech'!W51+'Speech'!W70 | N31: ='Speech'!X13+'Speech'!X32+'Speech'!X51+'Speech'!X70
A32: Elijah Aldaco | B32: ='Speech'!V14 | C32: ='Speech'!V33 | D32: ='Speech'!V52 | E32: ='Speech'!V71 | F32: =SUM(B32:E32) | G32: ='Speech'!Y14 | H32: ='Speech'!Y33 | I32: ='Speech'!Y52 | J32: ='Speech'!Y71 | K32: =SUM(G32:J32) | L32: =IF(K32=0,"",F32/K32) | M32: ='Speech'!W14+'Speech'!W33+'Speech'!W52+'Speech'!W71 | N32: ='Speech'!X14+'Speech'!X33+'Speech'!X52+'Speech'!X71
A33: Cain Gutierrez | B33: ='Speech'!V15 | C33: ='Speech'!V34 | D33: ='Speech'!V53 | E33: ='Speech'!V72 | F33: =SUM(B33:E33) | G33: ='Speech'!Y15 | H33: ='Speech'!Y34 | I33: ='Speech'!Y53 | J33: ='Speech'!Y72 | K33: =SUM(G33:J33) | L33: =IF(K33=0,"",F33/K33) | M33: ='Speech'!W15+'Speech'!W34+'Speech'!W53+'Speech'!W72 | N33: ='Speech'!X15+'Speech'!X34+'Speech'!X53+'Speech'!X72
A34: Grayson Barnhart | B34: ='Speech'!V16 | C34: ='Speech'!V35 | D34: ='Speech'!V54 | E34: ='Speech'!V73 | F34: =SUM(B34:E34) | G34: ='Speech'!Y16 | H34: ='Speech'!Y35 | I34: ='Speech'!Y54 | J34: ='Speech'!Y73 | K34: =SUM(G34:J34) | L34: =IF(K34=0,"",F34/K34) | M34: ='Speech'!W16+'Speech'!W35+'Speech'!W54+'Speech'!W73 | N34: ='Speech'!X16+'Speech'!X35+'Speech'!X54+'Speech'!X73
... A37: Jason Bean | B37: ='Speech'!V19 | C37: ='Speech'!V38 | D37: ='Speech'!V57 | E37: ='Speech'!V76 | F37: =SUM(B37:E37) | G37: ='Speech'!Y19 | H37: ='Speech'!Y38 | I37: ='Speech'!Y57 | J37: ='Speech'!Y76 | K37: =SUM(G37:J37) | L37: =IF(K37=0,"",F37/K37) | M37: ='Speech'!W19+'Speech'!W38+'Speech'!W57+'Speech'!W76 | N37: ='Speech'!X19+'Speech'!X38+'Speech'!X57+'Speech'!X76
A39: OT
A40: Student Name | B40: Q1 Met | C40: Q2 Met | D40: Q3 Met | E40: Q4 Met | F40: Year Total | G40: Q1 IEP | H40: Q2 IEP | I40: Q3 IEP | J40: Q4 IEP | K40: Annual IEP | L40: Year % | M40: Total Sess | N40: Total Abs
A41: Raya Hightower | B41: ='OT'!V5 | C41: ='OT'!V24 | D41: ='OT'!V43 | E41: ='OT'!V62 | F41: =SUM(B41:E41) | G41: ='OT'!Y5 | H41: ='OT'!Y24 | I41: ='OT'!Y43 | J41: ='OT'!Y62 | K41: =SUM(G41:J41) | L41: =IF(K41=0,"",F41/K41) | M41: ='OT'!W5+'OT'!W24+'OT'!W43+'OT'!W62 | N41: ='OT'!X5+'OT'!X24+'OT'!X43+'OT'!X62
A42: Anu Vijay Anand | B42: ='OT'!V6 | C42: ='OT'!V25 | D42: ='OT'!V44 | E42: ='OT'!V63 | F42: =SUM(B42:E42) | G42: ='OT'!Y6 | H42: ='OT'!Y25 | I42: ='OT'!Y44 | J42: ='OT'!Y63 | K42: =SUM(G42:J42) | L42: =IF(K42=0,"",F42/K42) | M42: ='OT'!W6+'OT'!W25+'OT'!W44+'OT'!W63 | N42: ='OT'!X6+'OT'!X25+'OT'!X44+'OT'!X63
A43: Aadhya Gone | B43: ='OT'!V7 | C43: ='OT'!V26 | D43: ='OT'!V45 | E43: ='OT'!V64 | F43: =SUM(B43:E43) | G43: ='OT'!Y7 | H43: ='OT'!Y26 | I43: ='OT'!Y45 | J43: ='OT'!Y64 | K43: =SUM(G43:J43) | L43: =IF(K43=0,"",F43/K43) | M43: ='OT'!W7+'OT'!W26+'OT'!W45+'OT'!W64 | N43: ='OT'!X7+'OT'!X26+'OT'!X45+'OT'!X64
A44: Sumeyah Khan | B44: ='OT'!V8 | C44: ='OT'!V27 | D44: ='OT'!V46 | E44: ='OT'!V65 | F44: =SUM(B44:E44) | G44: ='OT'!Y8 | H44: ='OT'!Y27 | I44: ='OT'!Y46 | J44: ='OT'!Y65 | K44: =SUM(G44:J44) | L44: =IF(K44=0,"",F44/K44) | M44: ='OT'!W8+'OT'!W27+'OT'!W46+'OT'!W65 | N44: ='OT'!X8+'OT'!X27+'OT'!X46+'OT'!X65
A45: Maria Mujeeb | B45: ='OT'!V9 | C45: ='OT'!V28 | D45: ='OT'!V47 | E45: ='OT'!V66 | F45: =SUM(B45:E45) | G45: ='OT'!Y9 | H45: ='OT'!Y28 | I45: ='OT'!Y47 | J45: ='OT'!Y66 | K45: =SUM(G45:J45) | L45: =IF(K45=0,"",F45/K45) | M45: ='OT'!W9+'OT'!W28+'OT'!W47+'OT'!W66 | N45: ='OT'!X9+'OT'!X28+'OT'!X47+'OT'!X66
A46: Jace Ratliff | B46: ='OT'!V10 | C46: ='OT'!V29 | D46: ='OT'!V48 | E46: ='OT'!V67 | F46: =SUM(B46:E46) | G46: ='OT'!Y10 | H46: ='OT'!Y29 | I46: ='OT'!Y48 | J46: ='OT'!Y67 | K46: =SUM(G46:J46) | L46: =IF(K46=0,"",F46/K46) | M46: ='OT'!W10+'OT'!W29+'OT'!W48+'OT'!W67 | N46: ='OT'!X10+'OT'!X29+'OT'!X48+'OT'!X67
A47: Evan Allen | B47: ='OT'!V11 | C47: ='OT'!V30 | D47: ='OT'!V49 | E47: ='OT'!V68 | F47: =SUM(B47:E47) | G47: ='OT'!Y11 | H47: ='OT'!Y30 | I47: ='OT'!Y49 | J47: ='OT'!Y68 | K47: =SUM(G47:J47) | L47: =IF(K47=0,"",F47/K47) | M47: ='OT'!W11+'OT'!W30+'OT'!W49+'OT'!W68 | N47: ='OT'!X11+'OT'!X30+'OT'!X49+'OT'!X68
A48: Sai Neelagiri | B48: ='OT'!V12 | C48: ='OT'!V31 | D48: ='OT'!V50 | E48: ='OT'!V69 | F48: =SUM(B48:E48) | G48: ='OT'!Y12 | H48: ='OT'!Y31 | I48: ='OT'!Y50 | J48: ='OT'!Y69 | K48: =SUM(G48:J48) | L48: =IF(K48=0,"",F48/K48) | M48: ='OT'!W12+'OT'!W31+'OT'!W50+'OT'!W69 | N48: ='OT'!X12+'OT'!X31+'OT'!X50+'OT'!X69
A49: Fletcher Meese | B49: ='OT'!V13 | C49: ='OT'!V32 | D49: ='OT'!V51 | E49: ='OT'!V70 | F49: =SUM(B49:E49) | G49: ='OT'!Y13 | H49: ='OT'!Y32 | I49: ='OT'!Y51 | J49: ='OT'!Y70 | K49: =SUM(G49:J49) | L49: =IF(K49=0,"",F49/K49) | M49: ='OT'!W13+'OT'!W32+'OT'!W51+'OT'!W70 | N49: ='OT'!X13+'OT'!X32+'OT'!X51+'OT'!X70
A50: Elijah Aldaco | B50: ='OT'!V14 | C50: ='OT'!V33 | D50: ='OT'!V52 | E50: ='OT'!V71 | F50: =SUM(B50:E50) | G50: ='OT'!Y14 | H50: ='OT'!Y33 | I50: ='OT'!Y52 | J50: ='OT'!Y71 | K50: =SUM(G50:J50) | L50: =IF(K50=0,"",F50/K50) | M50: ='OT'!W14+'OT'!W33+'OT'!W52+'OT'!W71 | N50: ='OT'!X14+'OT'!X33+'OT'!X52+'OT'!X71
A51: Cain Gutierrez | B51: ='OT'!V15 | C51: ='OT'!V34 | D51: ='OT'!V53 | E51: ='OT'!V72 | F51: =SUM(B51:E51) | G51: ='OT'!Y15 | H51: ='OT'!Y34 | I51: ='OT'!Y53 | J51: ='OT'!Y72 | K51: =SUM(G51:J51) | L51: =IF(K51=0,"",F51/K51) | M51: ='OT'!W15+'OT'!W34+'OT'!W53+'OT'!W72 | N51: ='OT'!X15+'OT'!X34+'OT'!X53+'OT'!X72
A52: Grayson Barnhart | B52: ='OT'!V16 | C52: ='OT'!V35 | D52: ='OT'!V54 | E52: ='OT'!V73 | F52: =SUM(B52:E52) | G52: ='OT'!Y16 | H52: ='OT'!Y35 | I52: ='OT'!Y54 | J52: ='OT'!Y73 | K52: =SUM(G52:J52) | L52: =IF(K52=0,"",F52/K52) | M52: ='OT'!W16+'OT'!W35+'OT'!W54+'OT'!W73 | N52: ='OT'!X16+'OT'!X35+'OT'!X54+'OT'!X73
... A55: Jason Bean | B55: ='OT'!V19 | C55: ='OT'!V38 | D55: ='OT'!V57 | E55: ='OT'!V76 | F55: =SUM(B55:E55) | G55: ='OT'!Y19 | H55: ='OT'!Y38 | I55: ='OT'!Y57 | J55: ='OT'!Y76 | K55: =SUM(G55:J55) | L55: =IF(K55=0,"",F55/K55) | M55: ='OT'!W19+'OT'!W38+'OT'!W57+'OT'!W76 | N55: ='OT'!X19+'OT'!X38+'OT'!X57+'OT'!X76
A57: Counseling
A58: Student Name | B58: Q1 Met | C58: Q2 Met | D58: Q3 Met | E58: Q4 Met | F58: Year Total | G58: Q1 IEP | H58: Q2 IEP | I58: Q3 IEP | J58: Q4 IEP | K58: Annual IEP | L58: Year % | M58: Total Sess | N58: Total Abs
A59: Raya Hightower | B59: ='Counseling'!V5 | C59: ='Counseling'!V24 | D59: ='Counseling'!V43 | E59: ='Counseling'!V62 | F59: =SUM(B59:E59) | G59: ='Counseling'!Y5 | H59: ='Counseling'!Y24 | I59: ='Counseling'!Y43 | J59: ='Counseling'!Y62 | K59: =SUM(G59:J59) | L59: =IF(K59=0,"",F59/K59) | M59: ='Counseling'!W5+'Counseling'!W24+'Counseling'!W43+'Counseling'!W62 | N59: ='Counseling'!X5+'Counseling'!X24+'Counseling'!X43+'Counseling'!X62
A60: Anu Vijay Anand | B60: ='Counseling'!V6 | C60: ='Counseling'!V25 | D60: ='Counseling'!V44 | E60: ='Counseling'!V63 | F60: =SUM(B60:E60) | G60: ='Counseling'!Y6 | H60: ='Counseling'!Y25 | I60: ='Counseling'!Y44 | J60: ='Counseling'!Y63 | K60: =SUM(G60:J60) | L60: =IF(K60=0,"",F60/K60) | M60: ='Counseling'!W6+'Counseling'!W25+'Counseling'!W44+'Counseling'!W63 | N60: ='Counseling'!X6+'Counseling'!X25+'Counseling'!X44+'Counseling'!X63
A61: Aadhya Gone | B61: ='Counseling'!V7 | C61: ='Counseling'!V26 | D61: ='Counseling'!V45 | E61: ='Counseling'!V64 | F61: =SUM(B61:E61) | G61: ='Counseling'!Y7 | H61: ='Counseling'!Y26 | I61: ='Counseling'!Y45 | J61: ='Counseling'!Y64 | K61: =SUM(G61:J61) | L61: =IF(K61=0,"",F61/K61) | M61: ='Counseling'!W7+'Counseling'!W26+'Counseling'!W45+'Counseling'!W64 | N61: ='Counseling'!X7+'Counseling'!X26+'Counseling'!X45+'Counseling'!X64
A62: Sumeyah Khan | B62: ='Counseling'!V8 | C62: ='Counseling'!V27 | D62: ='Counseling'!V46 | E62: ='Counseling'!V65 | F62: =SUM(B62:E62) | G62: ='Counseling'!Y8 | H62: ='Counseling'!Y27 | I62: ='Counseling'!Y46 | J62: ='Counseling'!Y65 | K62: =SUM(G62:J62) | L62: =IF(K62=0,"",F62/K62) | M62: ='Counseling'!W8+'Counseling'!W27+'Counseling'!W46+'Counseling'!W65 | N62: ='Counseling'!X8+'Counseling'!X27+'Counseling'!X46+'Counseling'!X65
A63: Maria Mujeeb | B63: ='Counseling'!V9 | C63: ='Counseling'!V28 | D63: ='Counseling'!V47 | E63: ='Counseling'!V66 | F63: =SUM(B63:E63) | G63: ='Counseling'!Y9 | H63: ='Counseling'!Y28 | I63: ='Counseling'!Y47 | J63: ='Counseling'!Y66 | K63: =SUM(G63:J63) | L63: =IF(K63=0,"",F63/K63) | M63: ='Counseling'!W9+'Counseling'!W28+'Counseling'!W47+'Counseling'!W66 | N63: ='Counseling'!X9+'Counseling'!X28+'Counseling'!X47+'Counseling'!X66
A64: Jace Ratliff | B64: ='Counseling'!V10 | C64: ='Counseling'!V29 | D64: ='Counseling'!V48 | E64: ='Counseling'!V67 | F64: =SUM(B64:E64) | G64: ='Counseling'!Y10 | H64: ='Counseling'!Y29 | I64: ='Counseling'!Y48 | J64: ='Counseling'!Y67 | K64: =SUM(G64:J64) | L64: =IF(K64=0,"",F64/K64) | M64: ='Counseling'!W10+'Counseling'!W29+'Counseling'!W48+'Counseling'!W67 | N64: ='Counseling'!X10+'Counseling'!X29+'Counseling'!X48+'Counseling'!X67
A65: Evan Allen | B65: ='Counseling'!V11 | C65: ='Counseling'!V30 | D65: ='Counseling'!V49 | E65: ='Counseling'!V68 | F65: =SUM(B65:E65) | G65: ='Counseling'!Y11 | H65: ='Counseling'!Y30 | I65: ='Counseling'!Y49 | J65: ='Counseling'!Y68 | K65: =SUM(G65:J65) | L65: =IF(K65=0,"",F65/K65) | M65: ='Counseling'!W11+'Counseling'!W30+'Counseling'!W49+'Counseling'!W68 | N65: ='Counseling'!X11+'Counseling'!X30+'Counseling'!X49+'Counseling'!X68
A66: Sai Neelagiri | B66: ='Counseling'!V12 | C66: ='Counseling'!V31 | D66: ='Counseling'!V50 | E66: ='Counseling'!V69 | F66: =SUM(B66:E66) | G66: ='Counseling'!Y12 | H66: ='Counseling'!Y31 | I66: ='Counseling'!Y50 | J66: ='Counseling'!Y69 | K66: =SUM(G66:J66) | L66: =IF(K66=0,"",F66/K66) | M66: ='Counseling'!W12+'Counseling'!W31+'Counseling'!W50+'Counseling'!W69 | N66: ='Counseling'!X12+'Counseling'!X31+'Counseling'!X50+'Counseling'!X69
A67: Fletcher Meese | B67: ='Counseling'!V13 | C67: ='Counseling'!V32 | D67: ='Counseling'!V51 | E67: ='Counseling'!V70 | F67: =SUM(B67:E67) | G67: ='Counseling'!Y13 | H67: ='Counseling'!Y32 | I67: ='Counseling'!Y51 | J67: ='Counseling'!Y70 | K67: =SUM(G67:J67) | L67: =IF(K67=0,"",F67/K67) | M67: ='Counseling'!W13+'Counseling'!W32+'Counseling'!W51+'Counseling'!W70 | N67: ='Counseling'!X13+'Counseling'!X32+'Counseling'!X51+'Counseling'!X70
A68: Elijah Aldaco | B68: ='Counseling'!V14 | C68: ='Counseling'!V33 | D68: ='Counseling'!V52 | E68: ='Counseling'!V71 | F68: =SUM(B68:E68) | G68: ='Counseling'!Y14 | H68: ='Counseling'!Y33 | I68: ='Counseling'!Y52 | J68: ='Counseling'!Y71 | K68: =SUM(G68:J68) | L68: =IF(K68=0,"",F68/K68) | M68: ='Counseling'!W14+'Counseling'!W33+'Counseling'!W52+'Counseling'!W71 | N68: ='Counseling'!X14+'Counseling'!X33+'Counseling'!X52+'Counseling'!X71
A69: Cain Gutierrez | B69: ='Counseling'!V15 | C69: ='Counseling'!V34 | D69: ='Counseling'!V53 | E69: ='Counseling'!V72 | F69: =SUM(B69:E69) | G69: ='Counseling'!Y15 | H69: ='Counseling'!Y34 | I69: ='Counseling'!Y53 | J69: ='Counseling'!Y72 | K69: =SUM(G69:J69) | L69: =IF(K69=0,"",F69/K69) | M69: ='Counseling'!W15+'Counseling'!W34+'Counseling'!W53+'Counseling'!W72 | N69: ='Counseling'!X15+'Counseling'!X34+'Counseling'!X53+'Counseling'!X72
A70: Grayson Barnhart | B70: ='Counseling'!V16 | C70: ='Counseling'!V35 | D70: ='Counseling'!V54 | E70: ='Counseling'!V73 | F70: =SUM(B70:E70) | G70: ='Counseling'!Y16 | H70: ='Counseling'!Y35 | I70: ='Counseling'!Y54 | J70: ='Counseling'!Y73 | K70: =SUM(G70:J70) | L70: =IF(K70=0,"",F70/K70) | M70: ='Counseling'!W16+'Counseling'!W35+'Counseling'!W54+'Counseling'!W73 | N70: ='Counseling'!X16+'Counseling'!X35+'Counseling'!X54+'Counseling'!X73
... A73: Jason Bean | B73: ='Counseling'!V19 | C73: ='Counseling'!V38 | D73: ='Counseling'!V57 | E73: ='Counseling'!V76 | F73: =SUM(B73:E73) | G73: ='Counseling'!Y19 | H73: ='Counseling'!Y38 | I73: ='Counseling'!Y57 | J73: ='Counseling'!Y76 | K73: =SUM(G73:J73) | L73: =IF(K73=0,"",F73/K73) | M73: ='Counseling'!W19+'Counseling'!W38+'Counseling'!W57+'Counseling'!W76 | N73: ='Counseling'!X19+'Counseling'!X38+'Counseling'!X57+'Counseling'!X76
A75: Inclusion Support
A76: Student Name | B76: Q1 Met | C76: Q2 Met | D76: Q3 Met | E76: Q4 Met | F76: Year Total | G76: Q1 IEP | H76: Q2 IEP | I76: Q3 IEP | J76: Q4 IEP | K76: Annual IEP | L76: Year % | M76: Total Sess | N76: Total Abs
A77: Raya Hightower | B77: ='Inclusion Support'!V5 | C77: ='Inclusion Support'!V24 | D77: ='Inclusion Support'!V43 | E77: ='Inclusion Support'!V62 | F77: =SUM(B77:E77) | G77: ='Inclusion Support'!Y5 | H77: ='Inclusion Support'!Y24 | I77: ='Inclusion Support'!Y43 | J77: ='Inclusion Support'!Y62 | K77: =SUM(G77:J77) | L77: =IF(K77=0,"",F77/K77) | M77: ='Inclusion Support'!W5+'Inclusion Support'!W24+'Inclusion Support'!W43+'Inclusion Support'!W62 | N77: ='Inclusion Support'!X5+'Inclusion Support'!X24+'Inclusion Support'!X43+'Inclusion Support'!X62
A78: Anu Vijay Anand | B78: ='Inclusion Support'!V6 | C78: ='Inclusion Support'!V25 | D78: ='Inclusion Support'!V44 | E78: ='Inclusion Support'!V63 | F78: =SUM(B78:E78) | G78: ='Inclusion Support'!Y6 | H78: ='Inclusion Support'!Y25 | I78: ='Inclusion Support'!Y44 | J78: ='Inclusion Support'!Y63 | K78: =SUM(G78:J78) | L78: =IF(K78=0,"",F78/K78) | M78: ='Inclusion Support'!W6+'Inclusion Support'!W25+'Inclusion Support'!W44+'Inclusion Support'!W63 | N78: ='Inclusion Support'!X6+'Inclusion Support'!X25+'Inclusion Support'!X44+'Inclusion Support'!X63
A79: Aadhya Gone | B79: ='Inclusion Support'!V7 | C79: ='Inclusion Support'!V26 | D79: ='Inclusion Support'!V45 | E79: ='Inclusion Support'!V64 | F79: =SUM(B79:E79) | G79: ='Inclusion Support'!Y7 | H79: ='Inclusion Support'!Y26 | I79: ='Inclusion Support'!Y45 | J79: ='Inclusion Support'!Y64 | K79: =SUM(G79:J79) | L79: =IF(K79=0,"",F79/K79) | M79: ='Inclusion Support'!W7+'Inclusion Support'!W26+'Inclusion Support'!W45+'Inclusion Support'!W64 | N79: ='Inclusion Support'!X7+'Inclusion Support'!X26+'Inclusion Support'!X45+'Inclusion Support'!X64
A80: Sumeyah Khan | B80: ='Inclusion Support'!V8 | C80: ='Inclusion Support'!V27 | D80: ='Inclusion Support'!V46 | E80: ='Inclusion Support'!V65 | F80: =SUM(B80:E80) | G80: ='Inclusion Support'!Y8 | H80: ='Inclusion Support'!Y27 | I80: ='Inclusion Support'!Y46 | J80: ='Inclusion Support'!Y65 | K80: =SUM(G80:J80) | L80: =IF(K80=0,"",F80/K80) | M80: ='Inclusion Support'!W8+'Inclusion Support'!W27+'Inclusion Support'!W46+'Inclusion Support'!W65 | N80: ='Inclusion Support'!X8+'Inclusion Support'!X27+'Inclusion Support'!X46+'Inclusion Support'!X65
A81: Maria Mujeeb | B81: ='Inclusion Support'!V9 | C81: ='Inclusion Support'!V28 | D81: ='Inclusion Support'!V47 | E81: ='Inclusion Support'!V66 | F81: =SUM(B81:E81) | G81: ='Inclusion Support'!Y9 | H81: ='Inclusion Support'!Y28 | I81: ='Inclusion Support'!Y47 | J81: ='Inclusion Support'!Y66 | K81: =SUM(G81:J81) | L81: =IF(K81=0,"",F81/K81) | M81: ='Inclusion Support'!W9+'Inclusion Support'!W28+'Inclusion Support'!W47+'Inclusion Support'!W66 | N81: ='Inclusion Support'!X9+'Inclusion Support'!X28+'Inclusion Support'!X47+'Inclusion Support'!X66
A82: Jace Ratliff | B82: ='Inclusion Support'!V10 | C82: ='Inclusion Support'!V29 | D82: ='Inclusion Support'!V48 | E82: ='Inclusion Support'!V67 | F82: =SUM(B82:E82) | G82: ='Inclusion Support'!Y10 | H82: ='Inclusion Support'!Y29 | I82: ='Inclusion Support'!Y48 | J82: ='Inclusion Support'!Y67 | K82: =SUM(G82:J82) | L82: =IF(K82=0,"",F82/K82) | M82: ='Inclusion Support'!W10+'Inclusion Support'!W29+'Inclusion Support'!W48+'Inclusion Support'!W67 | N82: ='Inclusion Support'!X10+'Inclusion Support'!X29+'Inclusion Support'!X48+'Inclusion Support'!X67
A83: Evan Allen | B83: ='Inclusion Support'!V11 | C83: ='Inclusion Support'!V30 | D83: ='Inclusion Support'!V49 | E83: ='Inclusion Support'!V68 | F83: =SUM(B83:E83) | G83: ='Inclusion Support'!Y11 | H83: ='Inclusion Support'!Y30 | I83: ='Inclusion Support'!Y49 | J83: ='Inclusion Support'!Y68 | K83: =SUM(G83:J83) | L83: =IF(K83=0,"",F83/K83) | M83: ='Inclusion Support'!W11+'Inclusion Support'!W30+'Inclusion Support'!W49+'Inclusion Support'!W68 | N83: ='Inclusion Support'!X11+'Inclusion Support'!X30+'Inclusion Support'!X49+'Inclusion Support'!X68
A84: Sai Neelagiri | B84: ='Inclusion Support'!V12 | C84: ='Inclusion Support'!V31 | D84: ='Inclusion Support'!V50 | E84: ='Inclusion Support'!V69 | F84: =SUM(B84:E84) | G84: ='Inclusion Support'!Y12 | H84: ='Inclusion Support'!Y31 | I84: ='Inclusion Support'!Y50 | J84: ='Inclusion Support'!Y69 | K84: =SUM(G84:J84) | L84: =IF(K84=0,"",F84/K84) | M84: ='Inclusion Support'!W12+'Inclusion Support'!W31+'Inclusion Support'!W50+'Inclusion Support'!W69 | N84: ='Inclusion Support'!X12+'Inclusion Support'!X31+'Inclusion Support'!X50+'Inclusion Support'!X69
A85: Fletcher Meese | B85: ='Inclusion Support'!V13 | C85: ='Inclusion Support'!V32 | D85: ='Inclusion Support'!V51 | E85: ='Inclusion Support'!V70 | F85: =SUM(B85:E85) | G85: ='Inclusion Support'!Y13 | H85: ='Inclusion Support'!Y32 | I85: ='Inclusion Support'!Y51 | J85: ='Inclusion Support'!Y70 | K85: =SUM(G85:J85) | L85: =IF(K85=0,"",F85/K85) | M85: ='Inclusion Support'!W13+'Inclusion Support'!W32+'Inclusion Support'!W51+'Inclusion Support'!W70 | N85: ='Inclusion Support'!X13+'Inclusion Support'!X32+'Inclusion Support'!X51+'Inclusion Support'!X70
A86: Elijah Aldaco | B86: ='Inclusion Support'!V14 | C86: ='Inclusion Support'!V33 | D86: ='Inclusion Support'!V52 | E86: ='Inclusion Support'!V71 | F86: =SUM(B86:E86) | G86: ='Inclusion Support'!Y14 | H86: ='Inclusion Support'!Y33 | I86: ='Inclusion Support'!Y52 | J86: ='Inclusion Support'!Y71 | K86: =SUM(G86:J86) | L86: =IF(K86=0,"",F86/K86) | M86: ='Inclusion Support'!W14+'Inclusion Support'!W33+'Inclusion Support'!W52+'Inclusion Support'!W71 | N86: ='Inclusion Support'!X14+'Inclusion Support'!X33+'Inclusion Support'!X52+'Inclusion Support'!X71
A87: Cain Gutierrez | B87: ='Inclusion Support'!V15 | C87: ='Inclusion Support'!V34 | D87: ='Inclusion Support'!V53 | E87: ='Inclusion Support'!V72 | F87: =SUM(B87:E87) | G87: ='Inclusion Support'!Y15 | H87: ='Inclusion Support'!Y34 | I87: ='Inclusion Support'!Y53 | J87: ='Inclusion Support'!Y72 | K87: =SUM(G87:J87) | L87: =IF(K87=0,"",F87/K87) | M87: ='Inclusion Support'!W15+'Inclusion Support'!W34+'Inclusion Support'!W53+'Inclusion Support'!W72 | N87: ='Inclusion Support'!X15+'Inclusion Support'!X34+'Inclusion Support'!X53+'Inclusion Support'!X72
A88: Grayson Barnhart | B88: ='Inclusion Support'!V16 | C88: ='Inclusion Support'!V35 | D88: ='Inclusion Support'!V54 | E88: ='Inclusion Support'!V73 | F88: =SUM(B88:E88) | G88: ='Inclusion Support'!Y16 | H88: ='Inclusion Support'!Y35 | I88: ='Inclusion Support'!Y54 | J88: ='Inclusion Support'!Y73 | K88: =SUM(G88:J88) | L88: =IF(K88=0,"",F88/K88) | M88: ='Inclusion Support'!W16+'Inclusion Support'!W35+'Inclusion Support'!W54+'Inclusion Support'!W73 | N88: ='Inclusion Support'!X16+'Inclusion Support'!X35+'Inclusion Support'!X54+'Inclusion Support'!X73
